{
  "content": [
    {
      "path": "ContentInfo/vtolaviation-khhr/Thumbnail.jpg",
      "size": 13520,
      "date": 132399161780000000
    },
    {
      "path": "manifest.json",
      "size": 270,
      "date": 132456944254424012
    },
    {
      "path": "scenery/global/scenery/modelLib.BGL",
      "size": 3503890,
      "date": 132456944253398129
    },
    {
      "path": "scenery/global/scenery/TEXTURE/ADVANCEDAIR_ALBD.PNG.DDS",
      "size": 699192,
      "date": 132456943837833209
    },
    {
      "path": "scenery/global/scenery/TEXTURE/ADVANCEDAIR_ALBD.PNG.DDS.json",
      "size": 102,
      "date": 132456943837683082
    },
    {
      "path": "scenery/global/scenery/TEXTURE/ADVANCEDAIR_ALBD_12.PNG.DDS",
      "size": 699192,
      "date": 132456943918150249
    },
    {
      "path": "scenery/global/scenery/TEXTURE/ADVANCEDAIR_ALBD_12.PNG.DDS.json",
      "size": 102,
      "date": 132456943918055169
    },
    {
      "path": "scenery/global/scenery/TEXTURE/ADVANCEDAIR_ALBD_15.PNG.DDS",
      "size": 699192,
      "date": 132456943853786083
    },
    {
      "path": "scenery/global/scenery/TEXTURE/ADVANCEDAIR_ALBD_15.PNG.DDS.json",
      "size": 102,
      "date": 132456943853685994
    },
    {
      "path": "scenery/global/scenery/TEXTURE/ADVANCEDAIR_ALBD_18.PNG.DDS",
      "size": 699192,
      "date": 132456943902927179
    },
    {
      "path": "scenery/global/scenery/TEXTURE/ADVANCEDAIR_ALBD_18.PNG.DDS.json",
      "size": 102,
      "date": 132456943902656946
    },
    {
      "path": "scenery/global/scenery/TEXTURE/ADVANCEDAIR_ALBD_21.PNG.DDS",
      "size": 699192,
      "date": 132456943780064083
    },
    {
      "path": "scenery/global/scenery/TEXTURE/ADVANCEDAIR_ALBD_21.PNG.DDS.json",
      "size": 102,
      "date": 132456943779974003
    },
    {
      "path": "scenery/global/scenery/TEXTURE/ADVANCEDAIR_ALBD_24.PNG.DDS",
      "size": 699192,
      "date": 132456943956618287
    },
    {
      "path": "scenery/global/scenery/TEXTURE/ADVANCEDAIR_ALBD_24.PNG.DDS.json",
      "size": 102,
      "date": 132456943956598264
    },
    {
      "path": "scenery/global/scenery/TEXTURE/ADVANCEDAIR_ALBD_27.PNG.DDS",
      "size": 699192,
      "date": 132456943840720692
    },
    {
      "path": "scenery/global/scenery/TEXTURE/ADVANCEDAIR_ALBD_27.PNG.DDS.json",
      "size": 102,
      "date": 132456943840630611
    },
    {
      "path": "scenery/global/scenery/TEXTURE/ADVANCEDAIR_ALBD_3.PNG.DDS",
      "size": 699192,
      "date": 132456943919706590
    },
    {
      "path": "scenery/global/scenery/TEXTURE/ADVANCEDAIR_ALBD_3.PNG.DDS.json",
      "size": 102,
      "date": 132456943919601496
    },
    {
      "path": "scenery/global/scenery/TEXTURE/ADVANCEDAIR_ALBD_30.PNG.DDS",
      "size": 699192,
      "date": 132456943867945413
    },
    {
      "path": "scenery/global/scenery/TEXTURE/ADVANCEDAIR_ALBD_30.PNG.DDS.json",
      "size": 102,
      "date": 132456943867850331
    },
    {
      "path": "scenery/global/scenery/TEXTURE/ADVANCEDAIR_ALBD_33.PNG.DDS",
      "size": 699192,
      "date": 132456943928829419
    },
    {
      "path": "scenery/global/scenery/TEXTURE/ADVANCEDAIR_ALBD_33.PNG.DDS.json",
      "size": 102,
      "date": 132456943928754358
    },
    {
      "path": "scenery/global/scenery/TEXTURE/ADVANCEDAIR_ALBD_36.PNG.DDS",
      "size": 699192,
      "date": 132456943790072671
    },
    {
      "path": "scenery/global/scenery/TEXTURE/ADVANCEDAIR_ALBD_36.PNG.DDS.json",
      "size": 102,
      "date": 132456943789987602
    },
    {
      "path": "scenery/global/scenery/TEXTURE/ADVANCEDAIR_ALBD_39.PNG.DDS",
      "size": 699192,
      "date": 132456943927263076
    },
    {
      "path": "scenery/global/scenery/TEXTURE/ADVANCEDAIR_ALBD_39.PNG.DDS.json",
      "size": 102,
      "date": 132456943927208033
    },
    {
      "path": "scenery/global/scenery/TEXTURE/ADVANCEDAIR_ALBD_42.PNG.DDS",
      "size": 699192,
      "date": 132456943875076536
    },
    {
      "path": "scenery/global/scenery/TEXTURE/ADVANCEDAIR_ALBD_42.PNG.DDS.json",
      "size": 102,
      "date": 132456943875006482
    },
    {
      "path": "scenery/global/scenery/TEXTURE/ADVANCEDAIR_ALBD_45.PNG.DDS",
      "size": 699192,
      "date": 132456943839229410
    },
    {
      "path": "scenery/global/scenery/TEXTURE/ADVANCEDAIR_ALBD_45.PNG.DDS.json",
      "size": 102,
      "date": 132456943839114311
    },
    {
      "path": "scenery/global/scenery/TEXTURE/ADVANCEDAIR_ALBD_48.PNG.DDS",
      "size": 699192,
      "date": 132456943889240427
    },
    {
      "path": "scenery/global/scenery/TEXTURE/ADVANCEDAIR_ALBD_48.PNG.DDS.json",
      "size": 102,
      "date": 132456943889180377
    },
    {
      "path": "scenery/global/scenery/TEXTURE/ADVANCEDAIR_ALBD_51.PNG.DDS",
      "size": 699192,
      "date": 132456943931101374
    },
    {
      "path": "scenery/global/scenery/TEXTURE/ADVANCEDAIR_ALBD_51.PNG.DDS.json",
      "size": 102,
      "date": 132456943931011292
    },
    {
      "path": "scenery/global/scenery/TEXTURE/ADVANCEDAIR_ALBD_54.PNG.DDS",
      "size": 699192,
      "date": 132456943806551543
    },
    {
      "path": "scenery/global/scenery/TEXTURE/ADVANCEDAIR_ALBD_54.PNG.DDS.json",
      "size": 102,
      "date": 132456943806151202
    },
    {
      "path": "scenery/global/scenery/TEXTURE/ADVANCEDAIR_ALBD_57.PNG.DDS",
      "size": 699192,
      "date": 132456943887839224
    },
    {
      "path": "scenery/global/scenery/TEXTURE/ADVANCEDAIR_ALBD_57.PNG.DDS.json",
      "size": 102,
      "date": 132456943887779170
    },
    {
      "path": "scenery/global/scenery/TEXTURE/ADVANCEDAIR_ALBD_6.PNG.DDS",
      "size": 699192,
      "date": 132456943835030804
    },
    {
      "path": "scenery/global/scenery/TEXTURE/ADVANCEDAIR_ALBD_6.PNG.DDS.json",
      "size": 102,
      "date": 132456943834900694
    },
    {
      "path": "scenery/global/scenery/TEXTURE/ADVANCEDAIR_ALBD_60.PNG.DDS",
      "size": 699192,
      "date": 132456943832949019
    },
    {
      "path": "scenery/global/scenery/TEXTURE/ADVANCEDAIR_ALBD_60.PNG.DDS.json",
      "size": 102,
      "date": 132456943832888965
    },
    {
      "path": "scenery/global/scenery/TEXTURE/ADVANCEDAIR_ALBD_63.PNG.DDS",
      "size": 699192,
      "date": 132456943948606408
    },
    {
      "path": "scenery/global/scenery/TEXTURE/ADVANCEDAIR_ALBD_63.PNG.DDS.json",
      "size": 102,
      "date": 132456943948506319
    },
    {
      "path": "scenery/global/scenery/TEXTURE/ADVANCEDAIR_ALBD_66.PNG.DDS",
      "size": 699192,
      "date": 132456943787445416
    },
    {
      "path": "scenery/global/scenery/TEXTURE/ADVANCEDAIR_ALBD_66.PNG.DDS.json",
      "size": 102,
      "date": 132456943787330320
    },
    {
      "path": "scenery/global/scenery/TEXTURE/ADVANCEDAIR_ALBD_69.PNG.DDS",
      "size": 699192,
      "date": 132456943950322877
    },
    {
      "path": "scenery/global/scenery/TEXTURE/ADVANCEDAIR_ALBD_69.PNG.DDS.json",
      "size": 102,
      "date": 132456943950057653
    },
    {
      "path": "scenery/global/scenery/TEXTURE/ADVANCEDAIR_ALBD_72.PNG.DDS",
      "size": 699192,
      "date": 132456943895540834
    },
    {
      "path": "scenery/global/scenery/TEXTURE/ADVANCEDAIR_ALBD_72.PNG.DDS.json",
      "size": 102,
      "date": 132456943895130485
    },
    {
      "path": "scenery/global/scenery/TEXTURE/ADVANCEDAIR_ALBD_75.PNG.DDS",
      "size": 699192,
      "date": 132456943836432007
    },
    {
      "path": "scenery/global/scenery/TEXTURE/ADVANCEDAIR_ALBD_75.PNG.DDS.json",
      "size": 102,
      "date": 132456943836286886
    },
    {
      "path": "scenery/global/scenery/TEXTURE/ADVANCEDAIR_ALBD_9.PNG.DDS",
      "size": 699192,
      "date": 132456943910458651
    },
    {
      "path": "scenery/global/scenery/TEXTURE/ADVANCEDAIR_ALBD_9.PNG.DDS.json",
      "size": 102,
      "date": 132456943910313523
    },
    {
      "path": "scenery/global/scenery/TEXTURE/ADVANCEDAIR_COMP.PNG.DDS",
      "size": 1398276,
      "date": 132456943821203237
    },
    {
      "path": "scenery/global/scenery/TEXTURE/ADVANCEDAIR_COMP.PNG.DDS.json",
      "size": 191,
      "date": 132456943820852934
    },
    {
      "path": "scenery/global/scenery/TEXTURE/ADVANCEDAIR_COMP_1.PNG.DDS",
      "size": 1398276,
      "date": 132456943936270812
    },
    {
      "path": "scenery/global/scenery/TEXTURE/ADVANCEDAIR_COMP_1.PNG.DDS.json",
      "size": 191,
      "date": 132456943936170725
    },
    {
      "path": "scenery/global/scenery/TEXTURE/ADVANCEDAIR_COMP_10.PNG.DDS",
      "size": 1398276,
      "date": 132456943785438701
    },
    {
      "path": "scenery/global/scenery/TEXTURE/ADVANCEDAIR_COMP_10.PNG.DDS.json",
      "size": 191,
      "date": 132456943785348618
    },
    {
      "path": "scenery/global/scenery/TEXTURE/ADVANCEDAIR_COMP_13.PNG.DDS",
      "size": 1398276,
      "date": 132456943908121649
    },
    {
      "path": "scenery/global/scenery/TEXTURE/ADVANCEDAIR_COMP_13.PNG.DDS.json",
      "size": 191,
      "date": 132456943908021559
    },
    {
      "path": "scenery/global/scenery/TEXTURE/ADVANCEDAIR_COMP_16.PNG.DDS",
      "size": 1398276,
      "date": 132456943845785041
    },
    {
      "path": "scenery/global/scenery/TEXTURE/ADVANCEDAIR_COMP_16.PNG.DDS.json",
      "size": 191,
      "date": 132456943845679955
    },
    {
      "path": "scenery/global/scenery/TEXTURE/ADVANCEDAIR_COMP_19.PNG.DDS",
      "size": 1398276,
      "date": 132456943926272224
    },
    {
      "path": "scenery/global/scenery/TEXTURE/ADVANCEDAIR_COMP_19.PNG.DDS.json",
      "size": 191,
      "date": 132456943926172141
    },
    {
      "path": "scenery/global/scenery/TEXTURE/ADVANCEDAIR_COMP_22.PNG.DDS",
      "size": 1398276,
      "date": 132456943811472955
    },
    {
      "path": "scenery/global/scenery/TEXTURE/ADVANCEDAIR_COMP_22.PNG.DDS.json",
      "size": 191,
      "date": 132456943811387883
    },
    {
      "path": "scenery/global/scenery/TEXTURE/ADVANCEDAIR_COMP_25.PNG.DDS",
      "size": 1398276,
      "date": 132456943941685469
    },
    {
      "path": "scenery/global/scenery/TEXTURE/ADVANCEDAIR_COMP_25.PNG.DDS.json",
      "size": 191,
      "date": 132456943941600396
    },
    {
      "path": "scenery/global/scenery/TEXTURE/ADVANCEDAIR_COMP_28.PNG.DDS",
      "size": 1398276,
      "date": 132456943794676353
    },
    {
      "path": "scenery/global/scenery/TEXTURE/ADVANCEDAIR_COMP_28.PNG.DDS.json",
      "size": 191,
      "date": 132456943794586271
    },
    {
      "path": "scenery/global/scenery/TEXTURE/ADVANCEDAIR_COMP_31.PNG.DDS",
      "size": 1398276,
      "date": 132456943858836255
    },
    {
      "path": "scenery/global/scenery/TEXTURE/ADVANCEDAIR_COMP_31.PNG.DDS.json",
      "size": 191,
      "date": 132456943858751184
    },
    {
      "path": "scenery/global/scenery/TEXTURE/ADVANCEDAIR_COMP_34.PNG.DDS",
      "size": 1398276,
      "date": 132456943894144647
    },
    {
      "path": "scenery/global/scenery/TEXTURE/ADVANCEDAIR_COMP_34.PNG.DDS.json",
      "size": 191,
      "date": 132456943894034553
    },
    {
      "path": "scenery/global/scenery/TEXTURE/ADVANCEDAIR_COMP_37.PNG.DDS",
      "size": 1398276,
      "date": 132456943831828055
    },
    {
      "path": "scenery/global/scenery/TEXTURE/ADVANCEDAIR_COMP_37.PNG.DDS.json",
      "size": 191,
      "date": 132456943831737980
    },
    {
      "path": "scenery/global/scenery/TEXTURE/ADVANCEDAIR_COMP_4.PNG.DDS",
      "size": 1398276,
      "date": 132456943805155352
    },
    {
      "path": "scenery/global/scenery/TEXTURE/ADVANCEDAIR_COMP_4.PNG.DDS.json",
      "size": 191,
      "date": 132456943805070281
    },
    {
      "path": "scenery/global/scenery/TEXTURE/ADVANCEDAIR_COMP_40.PNG.DDS",
      "size": 1398276,
      "date": 132456943826902858
    },
    {
      "path": "scenery/global/scenery/TEXTURE/ADVANCEDAIR_COMP_40.PNG.DDS.json",
      "size": 191,
      "date": 132456943826812787
    },
    {
      "path": "scenery/global/scenery/TEXTURE/ADVANCEDAIR_COMP_43.PNG.DDS",
      "size": 1398276,
      "date": 132456943901525978
    },
    {
      "path": "scenery/global/scenery/TEXTURE/ADVANCEDAIR_COMP_43.PNG.DDS.json",
      "size": 191,
      "date": 132456943901470932
    },
    {
      "path": "scenery/global/scenery/TEXTURE/ADVANCEDAIR_COMP_46.PNG.DDS",
      "size": 1398276,
      "date": 132456943864442403
    },
    {
      "path": "scenery/global/scenery/TEXTURE/ADVANCEDAIR_COMP_46.PNG.DDS.json",
      "size": 191,
      "date": 132456943864352333
    },
    {
      "path": "scenery/global/scenery/TEXTURE/ADVANCEDAIR_COMP_49.PNG.DDS",
      "size": 1398276,
      "date": 132456943881967457
    },
    {
      "path": "scenery/global/scenery/TEXTURE/ADVANCEDAIR_COMP_49.PNG.DDS.json",
      "size": 191,
      "date": 132456943881872399
    },
    {
      "path": "scenery/global/scenery/TEXTURE/ADVANCEDAIR_COMP_52.PNG.DDS",
      "size": 1398276,
      "date": 132456943946529652
    },
    {
      "path": "scenery/global/scenery/TEXTURE/ADVANCEDAIR_COMP_52.PNG.DDS.json",
      "size": 191,
      "date": 132456943946444560
    },
    {
      "path": "scenery/global/scenery/TEXTURE/ADVANCEDAIR_COMP_55.PNG.DDS",
      "size": 1398276,
      "date": 132456943816107915
    },
    {
      "path": "scenery/global/scenery/TEXTURE/ADVANCEDAIR_COMP_55.PNG.DDS.json",
      "size": 191,
      "date": 132456943816022848
    },
    {
      "path": "scenery/global/scenery/TEXTURE/ADVANCEDAIR_COMP_58.PNG.DDS",
      "size": 1398276,
      "date": 132456943955547372
    },
    {
      "path": "scenery/global/scenery/TEXTURE/ADVANCEDAIR_COMP_58.PNG.DDS.json",
      "size": 191,
      "date": 132456943955417262
    },
    {
      "path": "scenery/global/scenery/TEXTURE/ADVANCEDAIR_COMP_61.PNG.DDS",
      "size": 1398276,
      "date": 132456943850673413
    },
    {
      "path": "scenery/global/scenery/TEXTURE/ADVANCEDAIR_COMP_61.PNG.DDS.json",
      "size": 191,
      "date": 132456943850578337
    },
    {
      "path": "scenery/global/scenery/TEXTURE/ADVANCEDAIR_COMP_64.PNG.DDS",
      "size": 1398276,
      "date": 132456943915568035
    },
    {
      "path": "scenery/global/scenery/TEXTURE/ADVANCEDAIR_COMP_64.PNG.DDS.json",
      "size": 191,
      "date": 132456943915507985
    },
    {
      "path": "scenery/global/scenery/TEXTURE/ADVANCEDAIR_COMP_67.PNG.DDS",
      "size": 1398276,
      "date": 132456943778107403
    },
    {
      "path": "scenery/global/scenery/TEXTURE/ADVANCEDAIR_COMP_67.PNG.DDS.json",
      "size": 191,
      "date": 132456943778052352
    },
    {
      "path": "scenery/global/scenery/TEXTURE/ADVANCEDAIR_COMP_7.PNG.DDS",
      "size": 1398276,
      "date": 132456943886836376
    },
    {
      "path": "scenery/global/scenery/TEXTURE/ADVANCEDAIR_COMP_7.PNG.DDS.json",
      "size": 191,
      "date": 132456943886706275
    },
    {
      "path": "scenery/global/scenery/TEXTURE/ADVANCEDAIR_COMP_70.PNG.DDS",
      "size": 1398276,
      "date": 132456943800316190
    },
    {
      "path": "scenery/global/scenery/TEXTURE/ADVANCEDAIR_COMP_70.PNG.DDS.json",
      "size": 191,
      "date": 132456943800231118
    },
    {
      "path": "scenery/global/scenery/TEXTURE/ADVANCEDAIR_COMP_73.PNG.DDS",
      "size": 1398276,
      "date": 132456943874105715
    },
    {
      "path": "scenery/global/scenery/TEXTURE/ADVANCEDAIR_COMP_73.PNG.DDS.json",
      "size": 191,
      "date": 132456943874040653
    },
    {
      "path": "scenery/global/scenery/TEXTURE/ADVANCEDAIR_NORM.PNG.DDS",
      "size": 1398256,
      "date": 132456943773048055
    },
    {
      "path": "scenery/global/scenery/TEXTURE/ADVANCEDAIR_NORM.PNG.DDS.json",
      "size": 160,
      "date": 132456943772572647
    },
    {
      "path": "scenery/global/scenery/TEXTURE/ADVANCEDAIR_NORM_11.PNG.DDS",
      "size": 1398256,
      "date": 132456943833634607
    },
    {
      "path": "scenery/global/scenery/TEXTURE/ADVANCEDAIR_NORM_11.PNG.DDS.json",
      "size": 160,
      "date": 132456943833554541
    },
    {
      "path": "scenery/global/scenery/TEXTURE/ADVANCEDAIR_NORM_14.PNG.DDS",
      "size": 1398256,
      "date": 132456943916618934
    },
    {
      "path": "scenery/global/scenery/TEXTURE/ADVANCEDAIR_NORM_14.PNG.DDS.json",
      "size": 160,
      "date": 132456943916553880
    },
    {
      "path": "scenery/global/scenery/TEXTURE/ADVANCEDAIR_NORM_17.PNG.DDS",
      "size": 1398256,
      "date": 132456943785949132
    },
    {
      "path": "scenery/global/scenery/TEXTURE/ADVANCEDAIR_NORM_17.PNG.DDS.json",
      "size": 160,
      "date": 132456943785874068
    },
    {
      "path": "scenery/global/scenery/TEXTURE/ADVANCEDAIR_NORM_2.PNG.DDS",
      "size": 1398256,
      "date": 132456943852139666
    },
    {
      "path": "scenery/global/scenery/TEXTURE/ADVANCEDAIR_NORM_2.PNG.DDS.json",
      "size": 160,
      "date": 132456943852074612
    },
    {
      "path": "scenery/global/scenery/TEXTURE/ADVANCEDAIR_NORM_20.PNG.DDS",
      "size": 1398256,
      "date": 132456943936786251
    },
    {
      "path": "scenery/global/scenery/TEXTURE/ADVANCEDAIR_NORM_20.PNG.DDS.json",
      "size": 160,
      "date": 132456943936721200
    },
    {
      "path": "scenery/global/scenery/TEXTURE/ADVANCEDAIR_NORM_23.PNG.DDS",
      "size": 1398256,
      "date": 132456943868926255
    },
    {
      "path": "scenery/global/scenery/TEXTURE/ADVANCEDAIR_NORM_23.PNG.DDS.json",
      "size": 160,
      "date": 132456943868906236
    },
    {
      "path": "scenery/global/scenery/TEXTURE/ADVANCEDAIR_NORM_26.PNG.DDS",
      "size": 1398256,
      "date": 132456943876622864
    },
    {
      "path": "scenery/global/scenery/TEXTURE/ADVANCEDAIR_NORM_26.PNG.DDS.json",
      "size": 160,
      "date": 132456943876557809
    },
    {
      "path": "scenery/global/scenery/TEXTURE/ADVANCEDAIR_NORM_29.PNG.DDS",
      "size": 1398256,
      "date": 132456943859316670
    },
    {
      "path": "scenery/global/scenery/TEXTURE/ADVANCEDAIR_NORM_29.PNG.DDS.json",
      "size": 160,
      "date": 132456943859241607
    },
    {
      "path": "scenery/global/scenery/TEXTURE/ADVANCEDAIR_NORM_32.PNG.DDS",
      "size": 1398256,
      "date": 132456943771641844
    },
    {
      "path": "scenery/global/scenery/TEXTURE/ADVANCEDAIR_NORM_32.PNG.DDS.json",
      "size": 160,
      "date": 132456943771551770
    },
    {
      "path": "scenery/global/scenery/TEXTURE/ADVANCEDAIR_NORM_35.PNG.DDS",
      "size": 1398256,
      "date": 132456943929469970
    },
    {
      "path": "scenery/global/scenery/TEXTURE/ADVANCEDAIR_NORM_35.PNG.DDS.json",
      "size": 160,
      "date": 132456943929404914
    },
    {
      "path": "scenery/global/scenery/TEXTURE/ADVANCEDAIR_NORM_38.PNG.DDS",
      "size": 1398256,
      "date": 132456943788090971
    },
    {
      "path": "scenery/global/scenery/TEXTURE/ADVANCEDAIR_NORM_38.PNG.DDS.json",
      "size": 160,
      "date": 132456943788030922
    },
    {
      "path": "scenery/global/scenery/TEXTURE/ADVANCEDAIR_NORM_41.PNG.DDS",
      "size": 1398256,
      "date": 132456943865653444
    },
    {
      "path": "scenery/global/scenery/TEXTURE/ADVANCEDAIR_NORM_41.PNG.DDS.json",
      "size": 160,
      "date": 132456943865563366
    },
    {
      "path": "scenery/global/scenery/TEXTURE/ADVANCEDAIR_NORM_44.PNG.DDS",
      "size": 1398256,
      "date": 132456943875697072
    },
    {
      "path": "scenery/global/scenery/TEXTURE/ADVANCEDAIR_NORM_44.PNG.DDS.json",
      "size": 160,
      "date": 132456943875611998
    },
    {
      "path": "scenery/global/scenery/TEXTURE/ADVANCEDAIR_NORM_47.PNG.DDS",
      "size": 1398256,
      "date": 132456943795211810
    },
    {
      "path": "scenery/global/scenery/TEXTURE/ADVANCEDAIR_NORM_47.PNG.DDS.json",
      "size": 160,
      "date": 132456943795136744
    },
    {
      "path": "scenery/global/scenery/TEXTURE/ADVANCEDAIR_NORM_5.PNG.DDS",
      "size": 1398256,
      "date": 132456943916053451
    },
    {
      "path": "scenery/global/scenery/TEXTURE/ADVANCEDAIR_NORM_5.PNG.DDS.json",
      "size": 160,
      "date": 132456943915988395
    },
    {
      "path": "scenery/global/scenery/TEXTURE/ADVANCEDAIR_NORM_50.PNG.DDS",
      "size": 1398256,
      "date": 132456943778597819
    },
    {
      "path": "scenery/global/scenery/TEXTURE/ADVANCEDAIR_NORM_50.PNG.DDS.json",
      "size": 160,
      "date": 132456943778537767
    },
    {
      "path": "scenery/global/scenery/TEXTURE/ADVANCEDAIR_NORM_53.PNG.DDS",
      "size": 1398256,
      "date": 132456943908697133
    },
    {
      "path": "scenery/global/scenery/TEXTURE/ADVANCEDAIR_NORM_53.PNG.DDS.json",
      "size": 160,
      "date": 132456943908617065
    },
    {
      "path": "scenery/global/scenery/TEXTURE/ADVANCEDAIR_NORM_56.PNG.DDS",
      "size": 1398256,
      "date": 132456943851369008
    },
    {
      "path": "scenery/global/scenery/TEXTURE/ADVANCEDAIR_NORM_56.PNG.DDS.json",
      "size": 160,
      "date": 132456943851288939
    },
    {
      "path": "scenery/global/scenery/TEXTURE/ADVANCEDAIR_NORM_59.PNG.DDS",
      "size": 1398256,
      "date": 132456943921112795
    },
    {
      "path": "scenery/global/scenery/TEXTURE/ADVANCEDAIR_NORM_59.PNG.DDS.json",
      "size": 160,
      "date": 132456943920627379
    },
    {
      "path": "scenery/global/scenery/TEXTURE/ADVANCEDAIR_NORM_62.PNG.DDS",
      "size": 1398256,
      "date": 132456943821773721
    },
    {
      "path": "scenery/global/scenery/TEXTURE/ADVANCEDAIR_NORM_62.PNG.DDS.json",
      "size": 160,
      "date": 132456943821743693
    },
    {
      "path": "scenery/global/scenery/TEXTURE/ADVANCEDAIR_NORM_65.PNG.DDS",
      "size": 1398256,
      "date": 132456943947055076
    },
    {
      "path": "scenery/global/scenery/TEXTURE/ADVANCEDAIR_NORM_65.PNG.DDS.json",
      "size": 160,
      "date": 132456943946980007
    },
    {
      "path": "scenery/global/scenery/TEXTURE/ADVANCEDAIR_NORM_68.PNG.DDS",
      "size": 1398256,
      "date": 132456943788676483
    },
    {
      "path": "scenery/global/scenery/TEXTURE/ADVANCEDAIR_NORM_68.PNG.DDS.json",
      "size": 160,
      "date": 132456943788596407
    },
    {
      "path": "scenery/global/scenery/TEXTURE/ADVANCEDAIR_NORM_71.PNG.DDS",
      "size": 1398256,
      "date": 132456943864972860
    },
    {
      "path": "scenery/global/scenery/TEXTURE/ADVANCEDAIR_NORM_71.PNG.DDS.json",
      "size": 160,
      "date": 132456943864897806
    },
    {
      "path": "scenery/global/scenery/TEXTURE/ADVANCEDAIR_NORM_74.PNG.DDS",
      "size": 1398256,
      "date": 132456943896151359
    },
    {
      "path": "scenery/global/scenery/TEXTURE/ADVANCEDAIR_NORM_74.PNG.DDS.json",
      "size": 160,
      "date": 132456943896076301
    },
    {
      "path": "scenery/global/scenery/TEXTURE/ADVANCEDAIR_NORM_8.PNG.DDS",
      "size": 1398256,
      "date": 132456943866283988
    },
    {
      "path": "scenery/global/scenery/TEXTURE/ADVANCEDAIR_NORM_8.PNG.DDS.json",
      "size": 160,
      "date": 132456943866213924
    },
    {
      "path": "scenery/global/scenery/TEXTURE/FALCON9_ALBD.PNG.DDS",
      "size": 699192,
      "date": 132456943958319744
    },
    {
      "path": "scenery/global/scenery/TEXTURE/FALCON9_ALBD.PNG.DDS.json",
      "size": 102,
      "date": 132456943958224663
    },
    {
      "path": "scenery/global/scenery/TEXTURE/FALCON9_ALBD_12.PNG.DDS",
      "size": 699192,
      "date": 132456943981824927
    },
    {
      "path": "scenery/global/scenery/TEXTURE/FALCON9_ALBD_12.PNG.DDS.json",
      "size": 102,
      "date": 132456943981734853
    },
    {
      "path": "scenery/global/scenery/TEXTURE/FALCON9_ALBD_15.PNG.DDS",
      "size": 699192,
      "date": 132456944002152384
    },
    {
      "path": "scenery/global/scenery/TEXTURE/FALCON9_ALBD_15.PNG.DDS.json",
      "size": 102,
      "date": 132456944001712005
    },
    {
      "path": "scenery/global/scenery/TEXTURE/FALCON9_ALBD_18.PNG.DDS",
      "size": 699192,
      "date": 132456943972717107
    },
    {
      "path": "scenery/global/scenery/TEXTURE/FALCON9_ALBD_18.PNG.DDS.json",
      "size": 102,
      "date": 132456943972291744
    },
    {
      "path": "scenery/global/scenery/TEXTURE/FALCON9_ALBD_21.PNG.DDS",
      "size": 699192,
      "date": 132456944005440206
    },
    {
      "path": "scenery/global/scenery/TEXTURE/FALCON9_ALBD_21.PNG.DDS.json",
      "size": 102,
      "date": 132456944005355141
    },
    {
      "path": "scenery/global/scenery/TEXTURE/FALCON9_ALBD_24.PNG.DDS",
      "size": 699192,
      "date": 132456943965455876
    },
    {
      "path": "scenery/global/scenery/TEXTURE/FALCON9_ALBD_24.PNG.DDS.json",
      "size": 102,
      "date": 132456943965365796
    },
    {
      "path": "scenery/global/scenery/TEXTURE/FALCON9_ALBD_3.PNG.DDS",
      "size": 699192,
      "date": 132456943979703108
    },
    {
      "path": "scenery/global/scenery/TEXTURE/FALCON9_ALBD_3.PNG.DDS.json",
      "size": 102,
      "date": 132456943979307768
    },
    {
      "path": "scenery/global/scenery/TEXTURE/FALCON9_ALBD_6.PNG.DDS",
      "size": 699192,
      "date": 132456943995696845
    },
    {
      "path": "scenery/global/scenery/TEXTURE/FALCON9_ALBD_6.PNG.DDS.json",
      "size": 102,
      "date": 132456943995606765
    },
    {
      "path": "scenery/global/scenery/TEXTURE/FALCON9_ALBD_9.PNG.DDS",
      "size": 699192,
      "date": 132456943988410587
    },
    {
      "path": "scenery/global/scenery/TEXTURE/FALCON9_ALBD_9.PNG.DDS.json",
      "size": 102,
      "date": 132456943988110329
    },
    {
      "path": "scenery/global/scenery/TEXTURE/FALCON9_COMP.PNG.DDS",
      "size": 1398276,
      "date": 132456943987014384
    },
    {
      "path": "scenery/global/scenery/TEXTURE/FALCON9_COMP.PNG.DDS.json",
      "size": 191,
      "date": 132456943986929312
    },
    {
      "path": "scenery/global/scenery/TEXTURE/FALCON9_COMP_1.PNG.DDS",
      "size": 1398276,
      "date": 132456943963424137
    },
    {
      "path": "scenery/global/scenery/TEXTURE/FALCON9_COMP_1.PNG.DDS.json",
      "size": 191,
      "date": 132456943963339060
    },
    {
      "path": "scenery/global/scenery/TEXTURE/FALCON9_COMP_10.PNG.DDS",
      "size": 1398276,
      "date": 132456944010579620
    },
    {
      "path": "scenery/global/scenery/TEXTURE/FALCON9_COMP_10.PNG.DDS.json",
      "size": 191,
      "date": 132456944010524574
    },
    {
      "path": "scenery/global/scenery/TEXTURE/FALCON9_COMP_13.PNG.DDS",
      "size": 1398276,
      "date": 132456943978306910
    },
    {
      "path": "scenery/global/scenery/TEXTURE/FALCON9_COMP_13.PNG.DDS.json",
      "size": 191,
      "date": 132456943978216835
    },
    {
      "path": "scenery/global/scenery/TEXTURE/FALCON9_COMP_16.PNG.DDS",
      "size": 1398276,
      "date": 132456944000756188
    },
    {
      "path": "scenery/global/scenery/TEXTURE/FALCON9_COMP_16.PNG.DDS.json",
      "size": 191,
      "date": 132456944000671112
    },
    {
      "path": "scenery/global/scenery/TEXTURE/FALCON9_COMP_19.PNG.DDS",
      "size": 1398276,
      "date": 132456943993429892
    },
    {
      "path": "scenery/global/scenery/TEXTURE/FALCON9_COMP_19.PNG.DDS.json",
      "size": 191,
      "date": 132456943993339818
    },
    {
      "path": "scenery/global/scenery/TEXTURE/FALCON9_COMP_22.PNG.DDS",
      "size": 1398276,
      "date": 132456944015954238
    },
    {
      "path": "scenery/global/scenery/TEXTURE/FALCON9_COMP_22.PNG.DDS.json",
      "size": 191,
      "date": 132456944015869161
    },
    {
      "path": "scenery/global/scenery/TEXTURE/FALCON9_COMP_4.PNG.DDS",
      "size": 1398276,
      "date": 132456944021053622
    },
    {
      "path": "scenery/global/scenery/TEXTURE/FALCON9_COMP_4.PNG.DDS.json",
      "size": 191,
      "date": 132456944020963540
    },
    {
      "path": "scenery/global/scenery/TEXTURE/FALCON9_COMP_7.PNG.DDS",
      "size": 1398276,
      "date": 132456943971315912
    },
    {
      "path": "scenery/global/scenery/TEXTURE/FALCON9_COMP_7.PNG.DDS.json",
      "size": 191,
      "date": 132456943971230841
    },
    {
      "path": "scenery/global/scenery/TEXTURE/FALCON9_NORM.PNG.DDS",
      "size": 1398256,
      "date": 132456943966026362
    },
    {
      "path": "scenery/global/scenery/TEXTURE/FALCON9_NORM.PNG.DDS.json",
      "size": 160,
      "date": 132456943965966315
    },
    {
      "path": "scenery/global/scenery/TEXTURE/FALCON9_NORM_11.PNG.DDS",
      "size": 1398256,
      "date": 132456943993960347
    },
    {
      "path": "scenery/global/scenery/TEXTURE/FALCON9_NORM_11.PNG.DDS.json",
      "size": 160,
      "date": 132456943993900297
    },
    {
      "path": "scenery/global/scenery/TEXTURE/FALCON9_NORM_14.PNG.DDS",
      "size": 1398256,
      "date": 132456943980228561
    },
    {
      "path": "scenery/global/scenery/TEXTURE/FALCON9_NORM_14.PNG.DDS.json",
      "size": 160,
      "date": 132456943980163503
    },
    {
      "path": "scenery/global/scenery/TEXTURE/FALCON9_NORM_17.PNG.DDS",
      "size": 1398256,
      "date": 132456944011050031
    },
    {
      "path": "scenery/global/scenery/TEXTURE/FALCON9_NORM_17.PNG.DDS.json",
      "size": 160,
      "date": 132456944010979966
    },
    {
      "path": "scenery/global/scenery/TEXTURE/FALCON9_NORM_2.PNG.DDS",
      "size": 1398256,
      "date": 132456944003323389
    },
    {
      "path": "scenery/global/scenery/TEXTURE/FALCON9_NORM_2.PNG.DDS.json",
      "size": 160,
      "date": 132456944003293366
    },
    {
      "path": "scenery/global/scenery/TEXTURE/FALCON9_NORM_20.PNG.DDS",
      "size": 1398256,
      "date": 132456943963909549
    },
    {
      "path": "scenery/global/scenery/TEXTURE/FALCON9_NORM_20.PNG.DDS.json",
      "size": 160,
      "date": 132456943963839483
    },
    {
      "path": "scenery/global/scenery/TEXTURE/FALCON9_NORM_23.PNG.DDS",
      "size": 1398256,
      "date": 132456944003883870
    },
    {
      "path": "scenery/global/scenery/TEXTURE/FALCON9_NORM_23.PNG.DDS.json",
      "size": 160,
      "date": 132456944003818817
    },
    {
      "path": "scenery/global/scenery/TEXTURE/FALCON9_NORM_5.PNG.DDS",
      "size": 1398256,
      "date": 132456943973362665
    },
    {
      "path": "scenery/global/scenery/TEXTURE/FALCON9_NORM_5.PNG.DDS.json",
      "size": 160,
      "date": 132456943973292601
    },
    {
      "path": "scenery/global/scenery/TEXTURE/FALCON9_NORM_8.PNG.DDS",
      "size": 1398256,
      "date": 132456944002752903
    },
    {
      "path": "scenery/global/scenery/TEXTURE/FALCON9_NORM_8.PNG.DDS.json",
      "size": 160,
      "date": 132456944002687842
    },
    {
      "path": "scenery/global/scenery/TEXTURE/SINGLEHANGAR_ALBD.PNG.DDS",
      "size": 699192,
      "date": 132456944054972739
    },
    {
      "path": "scenery/global/scenery/TEXTURE/SINGLEHANGAR_ALBD.PNG.DDS.json",
      "size": 102,
      "date": 132456944054552379
    },
    {
      "path": "scenery/global/scenery/TEXTURE/SINGLEHANGAR_ALBD_12.PNG.DDS",
      "size": 699192,
      "date": 132456944036616979
    },
    {
      "path": "scenery/global/scenery/TEXTURE/SINGLEHANGAR_ALBD_12.PNG.DDS.json",
      "size": 102,
      "date": 132456944036496878
    },
    {
      "path": "scenery/global/scenery/TEXTURE/SINGLEHANGAR_ALBD_15.PNG.DDS",
      "size": 699192,
      "date": 132456944069199959
    },
    {
      "path": "scenery/global/scenery/TEXTURE/SINGLEHANGAR_ALBD_15.PNG.DDS.json",
      "size": 102,
      "date": 132456944068754577
    },
    {
      "path": "scenery/global/scenery/TEXTURE/SINGLEHANGAR_ALBD_18.PNG.DDS",
      "size": 699192,
      "date": 132456944027489141
    },
    {
      "path": "scenery/global/scenery/TEXTURE/SINGLEHANGAR_ALBD_18.PNG.DDS.json",
      "size": 102,
      "date": 132456944027028746
    },
    {
      "path": "scenery/global/scenery/TEXTURE/SINGLEHANGAR_ALBD_3.PNG.DDS",
      "size": 699192,
      "date": 132456944035215776
    },
    {
      "path": "scenery/global/scenery/TEXTURE/SINGLEHANGAR_ALBD_3.PNG.DDS.json",
      "size": 102,
      "date": 132456944034775398
    },
    {
      "path": "scenery/global/scenery/TEXTURE/SINGLEHANGAR_ALBD_6.PNG.DDS",
      "size": 699192,
      "date": 132456944056373945
    },
    {
      "path": "scenery/global/scenery/TEXTURE/SINGLEHANGAR_ALBD_6.PNG.DDS.json",
      "size": 102,
      "date": 132456944056233824
    },
    {
      "path": "scenery/global/scenery/TEXTURE/SINGLEHANGAR_ALBD_9.PNG.DDS",
      "size": 699192,
      "date": 132456944028885337
    },
    {
      "path": "scenery/global/scenery/TEXTURE/SINGLEHANGAR_ALBD_9.PNG.DDS.json",
      "size": 102,
      "date": 132456944028710190
    },
    {
      "path": "scenery/global/scenery/TEXTURE/SINGLEHANGAR_COMP.PNG.DDS",
      "size": 1398276,
      "date": 132456944062324054
    },
    {
      "path": "scenery/global/scenery/TEXTURE/SINGLEHANGAR_COMP.PNG.DDS.json",
      "size": 191,
      "date": 132456944062233999
    },
    {
      "path": "scenery/global/scenery/TEXTURE/SINGLEHANGAR_COMP_1.PNG.DDS",
      "size": 1398276,
      "date": 132456944042892373
    },
    {
      "path": "scenery/global/scenery/TEXTURE/SINGLEHANGAR_COMP_1.PNG.DDS.json",
      "size": 191,
      "date": 132456944042802298
    },
    {
      "path": "scenery/global/scenery/TEXTURE/SINGLEHANGAR_COMP_10.PNG.DDS",
      "size": 1398276,
      "date": 132456944047666472
    },
    {
      "path": "scenery/global/scenery/TEXTURE/SINGLEHANGAR_COMP_10.PNG.DDS.json",
      "size": 191,
      "date": 132456944047576396
    },
    {
      "path": "scenery/global/scenery/TEXTURE/SINGLEHANGAR_COMP_13.PNG.DDS",
      "size": 1398276,
      "date": 132456944033819577
    },
    {
      "path": "scenery/global/scenery/TEXTURE/SINGLEHANGAR_COMP_13.PNG.DDS.json",
      "size": 191,
      "date": 132456944033729507
    },
    {
      "path": "scenery/global/scenery/TEXTURE/SINGLEHANGAR_COMP_16.PNG.DDS",
      "size": 1398276,
      "date": 132456944067803761
    },
    {
      "path": "scenery/global/scenery/TEXTURE/SINGLEHANGAR_COMP_16.PNG.DDS.json",
      "size": 191,
      "date": 132456944067708676
    },
    {
      "path": "scenery/global/scenery/TEXTURE/SINGLEHANGAR_COMP_4.PNG.DDS",
      "size": 1398276,
      "date": 132456944053571537
    },
    {
      "path": "scenery/global/scenery/TEXTURE/SINGLEHANGAR_COMP_4.PNG.DDS.json",
      "size": 191,
      "date": 132456944053486466
    },
    {
      "path": "scenery/global/scenery/TEXTURE/SINGLEHANGAR_COMP_7.PNG.DDS",
      "size": 1398276,
      "date": 132456944026087937
    },
    {
      "path": "scenery/global/scenery/TEXTURE/SINGLEHANGAR_COMP_7.PNG.DDS.json",
      "size": 191,
      "date": 132456944025997864
    },
    {
      "path": "scenery/global/scenery/TEXTURE/SINGLEHANGAR_NORM.PNG.DDS",
      "size": 1398256,
      "date": 132456944071241716
    },
    {
      "path": "scenery/global/scenery/TEXTURE/SINGLEHANGAR_NORM.PNG.DDS.json",
      "size": 160,
      "date": 132456944070801332
    },
    {
      "path": "scenery/global/scenery/TEXTURE/SINGLEHANGAR_NORM_11.PNG.DDS",
      "size": 1398256,
      "date": 132456944057004486
    },
    {
      "path": "scenery/global/scenery/TEXTURE/SINGLEHANGAR_NORM_11.PNG.DDS.json",
      "size": 160,
      "date": 132456944056909405
    },
    {
      "path": "scenery/global/scenery/TEXTURE/SINGLEHANGAR_NORM_14.PNG.DDS",
      "size": 1398256,
      "date": 132456944037167452
    },
    {
      "path": "scenery/global/scenery/TEXTURE/SINGLEHANGAR_NORM_14.PNG.DDS.json",
      "size": 160,
      "date": 132456944037102395
    },
    {
      "path": "scenery/global/scenery/TEXTURE/SINGLEHANGAR_NORM_17.PNG.DDS",
      "size": 1398256,
      "date": 132456944048206935
    },
    {
      "path": "scenery/global/scenery/TEXTURE/SINGLEHANGAR_NORM_17.PNG.DDS.json",
      "size": 160,
      "date": 132456944048141878
    },
    {
      "path": "scenery/global/scenery/TEXTURE/SINGLEHANGAR_NORM_2.PNG.DDS",
      "size": 1398256,
      "date": 132456944069840508
    },
    {
      "path": "scenery/global/scenery/TEXTURE/SINGLEHANGAR_NORM_2.PNG.DDS.json",
      "size": 160,
      "date": 132456944069770446
    },
    {
      "path": "scenery/global/scenery/TEXTURE/SINGLEHANGAR_NORM_5.PNG.DDS",
      "size": 1398256,
      "date": 132456944037838026
    },
    {
      "path": "scenery/global/scenery/TEXTURE/SINGLEHANGAR_NORM_5.PNG.DDS.json",
      "size": 160,
      "date": 132456944037767974
    },
    {
      "path": "scenery/global/scenery/TEXTURE/SINGLEHANGAR_NORM_8.PNG.DDS",
      "size": 1398256,
      "date": 132456944071962332
    },
    {
      "path": "scenery/global/scenery/TEXTURE/SINGLEHANGAR_NORM_8.PNG.DDS.json",
      "size": 160,
      "date": 132456944071892270
    },
    {
      "path": "scenery/global/scenery/TEXTURE/SPACEXHQ_ALBD.PNG.DDS",
      "size": 699192,
      "date": 132456944134385932
    },
    {
      "path": "scenery/global/scenery/TEXTURE/SPACEXHQ_ALBD.PNG.DDS.json",
      "size": 102,
      "date": 132456944134050646
    },
    {
      "path": "scenery/global/scenery/TEXTURE/SPACEXHQ_ALBD_12.PNG.DDS",
      "size": 699192,
      "date": 132456944091073739
    },
    {
      "path": "scenery/global/scenery/TEXTURE/SPACEXHQ_ALBD_12.PNG.DDS.json",
      "size": 102,
      "date": 132456944090988670
    },
    {
      "path": "scenery/global/scenery/TEXTURE/SPACEXHQ_ALBD_15.PNG.DDS",
      "size": 699192,
      "date": 132456944137958998
    },
    {
      "path": "scenery/global/scenery/TEXTURE/SPACEXHQ_ALBD_15.PNG.DDS.json",
      "size": 102,
      "date": 132456944137868921
    },
    {
      "path": "scenery/global/scenery/TEXTURE/SPACEXHQ_ALBD_18.PNG.DDS",
      "size": 699192,
      "date": 132456944102448508
    },
    {
      "path": "scenery/global/scenery/TEXTURE/SPACEXHQ_ALBD_18.PNG.DDS.json",
      "size": 102,
      "date": 132456944102288372
    },
    {
      "path": "scenery/global/scenery/TEXTURE/SPACEXHQ_ALBD_21.PNG.DDS",
      "size": 699192,
      "date": 132456944200417637
    },
    {
      "path": "scenery/global/scenery/TEXTURE/SPACEXHQ_ALBD_21.PNG.DDS.json",
      "size": 102,
      "date": 132456944200362584
    },
    {
      "path": "scenery/global/scenery/TEXTURE/SPACEXHQ_ALBD_24.PNG.DDS",
      "size": 699192,
      "date": 132456944073593729
    },
    {
      "path": "scenery/global/scenery/TEXTURE/SPACEXHQ_ALBD_24.PNG.DDS.json",
      "size": 102,
      "date": 132456944073503651
    },
    {
      "path": "scenery/global/scenery/TEXTURE/SPACEXHQ_ALBD_27.PNG.DDS",
      "size": 699192,
      "date": 132456944157480767
    },
    {
      "path": "scenery/global/scenery/TEXTURE/SPACEXHQ_ALBD_27.PNG.DDS.json",
      "size": 102,
      "date": 132456944157070409
    },
    {
      "path": "scenery/global/scenery/TEXTURE/SPACEXHQ_ALBD_3.PNG.DDS",
      "size": 699192,
      "date": 132456944093711005
    },
    {
      "path": "scenery/global/scenery/TEXTURE/SPACEXHQ_ALBD_3.PNG.DDS.json",
      "size": 102,
      "date": 132456944093620935
    },
    {
      "path": "scenery/global/scenery/TEXTURE/SPACEXHQ_ALBD_30.PNG.DDS",
      "size": 699192,
      "date": 132456944132859622
    },
    {
      "path": "scenery/global/scenery/TEXTURE/SPACEXHQ_ALBD_30.PNG.DDS.json",
      "size": 102,
      "date": 132456944132434255
    },
    {
      "path": "scenery/global/scenery/TEXTURE/SPACEXHQ_ALBD_33.PNG.DDS",
      "size": 699192,
      "date": 132456944085468926
    },
    {
      "path": "scenery/global/scenery/TEXTURE/SPACEXHQ_ALBD_33.PNG.DDS.json",
      "size": 102,
      "date": 132456944085053569
    },
    {
      "path": "scenery/global/scenery/TEXTURE/SPACEXHQ_ALBD_36.PNG.DDS",
      "size": 699192,
      "date": 132456944187311388
    },
    {
      "path": "scenery/global/scenery/TEXTURE/SPACEXHQ_ALBD_36.PNG.DDS.json",
      "size": 102,
      "date": 132456944186996107
    },
    {
      "path": "scenery/global/scenery/TEXTURE/SPACEXHQ_ALBD_39.PNG.DDS",
      "size": 699192,
      "date": 132456944089317231
    },
    {
      "path": "scenery/global/scenery/TEXTURE/SPACEXHQ_ALBD_39.PNG.DDS.json",
      "size": 102,
      "date": 132456944089227156
    },
    {
      "path": "scenery/global/scenery/TEXTURE/SPACEXHQ_ALBD_42.PNG.DDS",
      "size": 699192,
      "date": 132456944125928670
    },
    {
      "path": "scenery/global/scenery/TEXTURE/SPACEXHQ_ALBD_42.PNG.DDS.json",
      "size": 102,
      "date": 132456944125833588
    },
    {
      "path": "scenery/global/scenery/TEXTURE/SPACEXHQ_ALBD_45.PNG.DDS",
      "size": 699192,
      "date": 132456944151060253
    },
    {
      "path": "scenery/global/scenery/TEXTURE/SPACEXHQ_ALBD_45.PNG.DDS.json",
      "size": 102,
      "date": 132456944150800029
    },
    {
      "path": "scenery/global/scenery/TEXTURE/SPACEXHQ_ALBD_48.PNG.DDS",
      "size": 699192,
      "date": 132456944109094215
    },
    {
      "path": "scenery/global/scenery/TEXTURE/SPACEXHQ_ALBD_48.PNG.DDS.json",
      "size": 102,
      "date": 132456944108798964
    },
    {
      "path": "scenery/global/scenery/TEXTURE/SPACEXHQ_ALBD_51.PNG.DDS",
      "size": 699192,
      "date": 132456944087770903
    },
    {
      "path": "scenery/global/scenery/TEXTURE/SPACEXHQ_ALBD_51.PNG.DDS.json",
      "size": 102,
      "date": 132456944087680827
    },
    {
      "path": "scenery/global/scenery/TEXTURE/SPACEXHQ_ALBD_6.PNG.DDS",
      "size": 699192,
      "date": 132456944160077993
    },
    {
      "path": "scenery/global/scenery/TEXTURE/SPACEXHQ_ALBD_6.PNG.DDS.json",
      "size": 102,
      "date": 132456944159942881
    },
    {
      "path": "scenery/global/scenery/TEXTURE/SPACEXHQ_ALBD_9.PNG.DDS",
      "size": 699192,
      "date": 132456944101047306
    },
    {
      "path": "scenery/global/scenery/TEXTURE/SPACEXHQ_ALBD_9.PNG.DDS.json",
      "size": 102,
      "date": 132456944100676990
    },
    {
      "path": "scenery/global/scenery/TEXTURE/SPACEXHQ_COMP.PNG.DDS",
      "size": 1398276,
      "date": 132456944194632664
    },
    {
      "path": "scenery/global/scenery/TEXTURE/SPACEXHQ_COMP.PNG.DDS.json",
      "size": 191,
      "date": 132456944194547595
    },
    {
      "path": "scenery/global/scenery/TEXTURE/SPACEXHQ_COMP_1.PNG.DDS",
      "size": 1398276,
      "date": 132456944084067742
    },
    {
      "path": "scenery/global/scenery/TEXTURE/SPACEXHQ_COMP_1.PNG.DDS.json",
      "size": 191,
      "date": 132456944083977650
    },
    {
      "path": "scenery/global/scenery/TEXTURE/SPACEXHQ_COMP_10.PNG.DDS",
      "size": 1398276,
      "date": 132456944199356726
    },
    {
      "path": "scenery/global/scenery/TEXTURE/SPACEXHQ_COMP_10.PNG.DDS.json",
      "size": 191,
      "date": 132456944199266644
    },
    {
      "path": "scenery/global/scenery/TEXTURE/SPACEXHQ_COMP_13.PNG.DDS",
      "size": 1398276,
      "date": 132456944107693012
    },
    {
      "path": "scenery/global/scenery/TEXTURE/SPACEXHQ_COMP_13.PNG.DDS.json",
      "size": 191,
      "date": 132456944107587924
    },
    {
      "path": "scenery/global/scenery/TEXTURE/SPACEXHQ_COMP_16.PNG.DDS",
      "size": 1398276,
      "date": 132456944156084573
    },
    {
      "path": "scenery/global/scenery/TEXTURE/SPACEXHQ_COMP_16.PNG.DDS.json",
      "size": 191,
      "date": 132456944155974481
    },
    {
      "path": "scenery/global/scenery/TEXTURE/SPACEXHQ_COMP_19.PNG.DDS",
      "size": 1398276,
      "date": 132456944098710298
    },
    {
      "path": "scenery/global/scenery/TEXTURE/SPACEXHQ_COMP_19.PNG.DDS.json",
      "size": 191,
      "date": 132456944098625226
    },
    {
      "path": "scenery/global/scenery/TEXTURE/SPACEXHQ_COMP_22.PNG.DDS",
      "size": 1398276,
      "date": 132456944165142356
    },
    {
      "path": "scenery/global/scenery/TEXTURE/SPACEXHQ_COMP_22.PNG.DDS.json",
      "size": 191,
      "date": 132456944165047272
    },
    {
      "path": "scenery/global/scenery/TEXTURE/SPACEXHQ_COMP_25.PNG.DDS",
      "size": 1398276,
      "date": 132456944078517959
    },
    {
      "path": "scenery/global/scenery/TEXTURE/SPACEXHQ_COMP_25.PNG.DDS.json",
      "size": 191,
      "date": 132456944078462912
    },
    {
      "path": "scenery/global/scenery/TEXTURE/SPACEXHQ_COMP_28.PNG.DDS",
      "size": 1398276,
      "date": 132456944180435480
    },
    {
      "path": "scenery/global/scenery/TEXTURE/SPACEXHQ_COMP_28.PNG.DDS.json",
      "size": 191,
      "date": 132456944180345402
    },
    {
      "path": "scenery/global/scenery/TEXTURE/SPACEXHQ_COMP_31.PNG.DDS",
      "size": 1398276,
      "date": 132456944148648188
    },
    {
      "path": "scenery/global/scenery/TEXTURE/SPACEXHQ_COMP_31.PNG.DDS.json",
      "size": 191,
      "date": 132456944148563107
    },
    {
      "path": "scenery/global/scenery/TEXTURE/SPACEXHQ_COMP_34.PNG.DDS",
      "size": 1398276,
      "date": 132456944119042756
    },
    {
      "path": "scenery/global/scenery/TEXTURE/SPACEXHQ_COMP_34.PNG.DDS.json",
      "size": 191,
      "date": 132456944118952681
    },
    {
      "path": "scenery/global/scenery/TEXTURE/SPACEXHQ_COMP_37.PNG.DDS",
      "size": 1398276,
      "date": 132456944169986538
    },
    {
      "path": "scenery/global/scenery/TEXTURE/SPACEXHQ_COMP_37.PNG.DDS.json",
      "size": 191,
      "date": 132456944169891431
    },
    {
      "path": "scenery/global/scenery/TEXTURE/SPACEXHQ_COMP_4.PNG.DDS",
      "size": 1398276,
      "date": 132456944185905179
    },
    {
      "path": "scenery/global/scenery/TEXTURE/SPACEXHQ_COMP_4.PNG.DDS.json",
      "size": 191,
      "date": 132456944185820117
    },
    {
      "path": "scenery/global/scenery/TEXTURE/SPACEXHQ_COMP_40.PNG.DDS",
      "size": 1398276,
      "date": 132456944175561292
    },
    {
      "path": "scenery/global/scenery/TEXTURE/SPACEXHQ_COMP_40.PNG.DDS.json",
      "size": 191,
      "date": 132456944175471215
    },
    {
      "path": "scenery/global/scenery/TEXTURE/SPACEXHQ_COMP_43.PNG.DDS",
      "size": 1398276,
      "date": 132456944114198596
    },
    {
      "path": "scenery/global/scenery/TEXTURE/SPACEXHQ_COMP_43.PNG.DDS.json",
      "size": 191,
      "date": 132456944114113528
    },
    {
      "path": "scenery/global/scenery/TEXTURE/SPACEXHQ_COMP_46.PNG.DDS",
      "size": 1398276,
      "date": 132456944143839058
    },
    {
      "path": "scenery/global/scenery/TEXTURE/SPACEXHQ_COMP_46.PNG.DDS.json",
      "size": 191,
      "date": 132456944143748972
    },
    {
      "path": "scenery/global/scenery/TEXTURE/SPACEXHQ_COMP_49.PNG.DDS",
      "size": 1398276,
      "date": 132456944131463422
    },
    {
      "path": "scenery/global/scenery/TEXTURE/SPACEXHQ_COMP_49.PNG.DDS.json",
      "size": 191,
      "date": 132456944131373353
    },
    {
      "path": "scenery/global/scenery/TEXTURE/SPACEXHQ_COMP_7.PNG.DDS",
      "size": 1398276,
      "date": 132456944123836873
    },
    {
      "path": "scenery/global/scenery/TEXTURE/SPACEXHQ_COMP_7.PNG.DDS.json",
      "size": 191,
      "date": 132456944123781829
    },
    {
      "path": "scenery/global/scenery/TEXTURE/SPACEXHQ_NORM.PNG.DDS",
      "size": 1398256,
      "date": 132456944170486932
    },
    {
      "path": "scenery/global/scenery/TEXTURE/SPACEXHQ_NORM.PNG.DDS.json",
      "size": 160,
      "date": 132456944170421874
    },
    {
      "path": "scenery/global/scenery/TEXTURE/SPACEXHQ_NORM_11.PNG.DDS",
      "size": 1398256,
      "date": 132456944158191378
    },
    {
      "path": "scenery/global/scenery/TEXTURE/SPACEXHQ_NORM_11.PNG.DDS.json",
      "size": 160,
      "date": 132456944158126319
    },
    {
      "path": "scenery/global/scenery/TEXTURE/SPACEXHQ_NORM_14.PNG.DDS",
      "size": 1398256,
      "date": 132456944092099620
    },
    {
      "path": "scenery/global/scenery/TEXTURE/SPACEXHQ_NORM_14.PNG.DDS.json",
      "size": 160,
      "date": 132456944092034567
    },
    {
      "path": "scenery/global/scenery/TEXTURE/SPACEXHQ_NORM_17.PNG.DDS",
      "size": 1398256,
      "date": 132456944188647527
    },
    {
      "path": "scenery/global/scenery/TEXTURE/SPACEXHQ_NORM_17.PNG.DDS.json",
      "size": 160,
      "date": 132456944188622505
    },
    {
      "path": "scenery/global/scenery/TEXTURE/SPACEXHQ_NORM_2.PNG.DDS",
      "size": 1398256,
      "date": 132456944149158616
    },
    {
      "path": "scenery/global/scenery/TEXTURE/SPACEXHQ_NORM_2.PNG.DDS.json",
      "size": 160,
      "date": 132456944149088556
    },
    {
      "path": "scenery/global/scenery/TEXTURE/SPACEXHQ_NORM_20.PNG.DDS",
      "size": 1398256,
      "date": 132456944086169531
    },
    {
      "path": "scenery/global/scenery/TEXTURE/SPACEXHQ_NORM_20.PNG.DDS.json",
      "size": 160,
      "date": 132456944086094473
    },
    {
      "path": "scenery/global/scenery/TEXTURE/SPACEXHQ_NORM_23.PNG.DDS",
      "size": 1398256,
      "date": 132456944136357627
    },
    {
      "path": "scenery/global/scenery/TEXTURE/SPACEXHQ_NORM_23.PNG.DDS.json",
      "size": 160,
      "date": 132456944136292568
    },
    {
      "path": "scenery/global/scenery/TEXTURE/SPACEXHQ_NORM_26.PNG.DDS",
      "size": 1398256,
      "date": 132456944126509171
    },
    {
      "path": "scenery/global/scenery/TEXTURE/SPACEXHQ_NORM_26.PNG.DDS.json",
      "size": 160,
      "date": 132456944126444112
    },
    {
      "path": "scenery/global/scenery/TEXTURE/SPACEXHQ_NORM_29.PNG.DDS",
      "size": 1398256,
      "date": 132456944138514478
    },
    {
      "path": "scenery/global/scenery/TEXTURE/SPACEXHQ_NORM_29.PNG.DDS.json",
      "size": 160,
      "date": 132456944138449420
    },
    {
      "path": "scenery/global/scenery/TEXTURE/SPACEXHQ_NORM_32.PNG.DDS",
      "size": 1398256,
      "date": 132456944189223023
    },
    {
      "path": "scenery/global/scenery/TEXTURE/SPACEXHQ_NORM_32.PNG.DDS.json",
      "size": 160,
      "date": 132456944189187992
    },
    {
      "path": "scenery/global/scenery/TEXTURE/SPACEXHQ_NORM_35.PNG.DDS",
      "size": 1398256,
      "date": 132456944079003374
    },
    {
      "path": "scenery/global/scenery/TEXTURE/SPACEXHQ_NORM_35.PNG.DDS.json",
      "size": 160,
      "date": 132456944078938320
    },
    {
      "path": "scenery/global/scenery/TEXTURE/SPACEXHQ_NORM_38.PNG.DDS",
      "size": 1398256,
      "date": 132456944188052017
    },
    {
      "path": "scenery/global/scenery/TEXTURE/SPACEXHQ_NORM_38.PNG.DDS.json",
      "size": 160,
      "date": 132456944187951930
    },
    {
      "path": "scenery/global/scenery/TEXTURE/SPACEXHQ_NORM_41.PNG.DDS",
      "size": 1398256,
      "date": 132456944135146585
    },
    {
      "path": "scenery/global/scenery/TEXTURE/SPACEXHQ_NORM_41.PNG.DDS.json",
      "size": 160,
      "date": 132456944134961426
    },
    {
      "path": "scenery/global/scenery/TEXTURE/SPACEXHQ_NORM_44.PNG.DDS",
      "size": 1398256,
      "date": 132456944124317289
    },
    {
      "path": "scenery/global/scenery/TEXTURE/SPACEXHQ_NORM_44.PNG.DDS.json",
      "size": 160,
      "date": 132456944124252233
    },
    {
      "path": "scenery/global/scenery/TEXTURE/SPACEXHQ_NORM_47.PNG.DDS",
      "size": 1398256,
      "date": 132456944180990953
    },
    {
      "path": "scenery/global/scenery/TEXTURE/SPACEXHQ_NORM_47.PNG.DDS.json",
      "size": 160,
      "date": 132456944180930903
    },
    {
      "path": "scenery/global/scenery/TEXTURE/SPACEXHQ_NORM_5.PNG.DDS",
      "size": 1398256,
      "date": 132456944099170691
    },
    {
      "path": "scenery/global/scenery/TEXTURE/SPACEXHQ_NORM_5.PNG.DDS.json",
      "size": 160,
      "date": 132456944099105636
    },
    {
      "path": "scenery/global/scenery/TEXTURE/SPACEXHQ_NORM_50.PNG.DDS",
      "size": 1398256,
      "date": 132456944200978117
    },
    {
      "path": "scenery/global/scenery/TEXTURE/SPACEXHQ_NORM_50.PNG.DDS.json",
      "size": 160,
      "date": 132456944200908055
    },
    {
      "path": "scenery/global/scenery/TEXTURE/SPACEXHQ_NORM_8.PNG.DDS",
      "size": 1398256,
      "date": 132456944135777127
    },
    {
      "path": "scenery/global/scenery/TEXTURE/SPACEXHQ_NORM_8.PNG.DDS.json",
      "size": 160,
      "date": 132456944135712072
    },
    {
      "path": "scenery/global/scenery/TEXTURE/TRIPLEHANGAR_ALBD.PNG.DDS",
      "size": 699192,
      "date": 132456944211402065
    },
    {
      "path": "scenery/global/scenery/TEXTURE/TRIPLEHANGAR_ALBD.PNG.DDS.json",
      "size": 102,
      "date": 132456944211316994
    },
    {
      "path": "scenery/global/scenery/TEXTURE/TRIPLEHANGAR_ALBD_12.PNG.DDS",
      "size": 699192,
      "date": 132456944208794832
    },
    {
      "path": "scenery/global/scenery/TEXTURE/TRIPLEHANGAR_ALBD_12.PNG.DDS.json",
      "size": 102,
      "date": 132456944208704751
    },
    {
      "path": "scenery/global/scenery/TEXTURE/TRIPLEHANGAR_ALBD_15.PNG.DDS",
      "size": 699192,
      "date": 132456944241743121
    },
    {
      "path": "scenery/global/scenery/TEXTURE/TRIPLEHANGAR_ALBD_15.PNG.DDS.json",
      "size": 102,
      "date": 132456944241522932
    },
    {
      "path": "scenery/global/scenery/TEXTURE/TRIPLEHANGAR_ALBD_18.PNG.DDS",
      "size": 699192,
      "date": 132456944207333575
    },
    {
      "path": "scenery/global/scenery/TEXTURE/TRIPLEHANGAR_ALBD_18.PNG.DDS.json",
      "size": 102,
      "date": 132456944206888189
    },
    {
      "path": "scenery/global/scenery/TEXTURE/TRIPLEHANGAR_ALBD_3.PNG.DDS",
      "size": 699192,
      "date": 132456944238365221
    },
    {
      "path": "scenery/global/scenery/TEXTURE/TRIPLEHANGAR_ALBD_3.PNG.DDS.json",
      "size": 102,
      "date": 132456944237914831
    },
    {
      "path": "scenery/global/scenery/TEXTURE/TRIPLEHANGAR_ALBD_6.PNG.DDS",
      "size": 699192,
      "date": 132456944218137852
    },
    {
      "path": "scenery/global/scenery/TEXTURE/TRIPLEHANGAR_ALBD_6.PNG.DDS.json",
      "size": 102,
      "date": 132456944217832589
    },
    {
      "path": "scenery/global/scenery/TEXTURE/TRIPLEHANGAR_ALBD_9.PNG.DDS",
      "size": 699192,
      "date": 132456944231879652
    },
    {
      "path": "scenery/global/scenery/TEXTURE/TRIPLEHANGAR_ALBD_9.PNG.DDS.json",
      "size": 102,
      "date": 132456944231484314
    },
    {
      "path": "scenery/global/scenery/TEXTURE/TRIPLEHANGAR_COMP.PNG.DDS",
      "size": 1398276,
      "date": 132456944224263111
    },
    {
      "path": "scenery/global/scenery/TEXTURE/TRIPLEHANGAR_COMP.PNG.DDS.json",
      "size": 191,
      "date": 132456944224173032
    },
    {
      "path": "scenery/global/scenery/TEXTURE/TRIPLEHANGAR_COMP_1.PNG.DDS",
      "size": 1398276,
      "date": 132456944246852518
    },
    {
      "path": "scenery/global/scenery/TEXTURE/TRIPLEHANGAR_COMP_1.PNG.DDS.json",
      "size": 191,
      "date": 132456944246767446
    },
    {
      "path": "scenery/global/scenery/TEXTURE/TRIPLEHANGAR_COMP_10.PNG.DDS",
      "size": 1398276,
      "date": 132456944236964020
    },
    {
      "path": "scenery/global/scenery/TEXTURE/TRIPLEHANGAR_COMP_10.PNG.DDS.json",
      "size": 191,
      "date": 132456944236878944
    },
    {
      "path": "scenery/global/scenery/TEXTURE/TRIPLEHANGAR_COMP_13.PNG.DDS",
      "size": 1398276,
      "date": 132456944205937383
    },
    {
      "path": "scenery/global/scenery/TEXTURE/TRIPLEHANGAR_COMP_13.PNG.DDS.json",
      "size": 191,
      "date": 132456944205882336
    },
    {
      "path": "scenery/global/scenery/TEXTURE/TRIPLEHANGAR_COMP_16.PNG.DDS",
      "size": 1398276,
      "date": 132456944252672515
    },
    {
      "path": "scenery/global/scenery/TEXTURE/TRIPLEHANGAR_COMP_16.PNG.DDS.json",
      "size": 191,
      "date": 132456944252582440
    },
    {
      "path": "scenery/global/scenery/TEXTURE/TRIPLEHANGAR_COMP_4.PNG.DDS",
      "size": 1398276,
      "date": 132456944216741655
    },
    {
      "path": "scenery/global/scenery/TEXTURE/TRIPLEHANGAR_COMP_4.PNG.DDS.json",
      "size": 191,
      "date": 132456944216656579
    },
    {
      "path": "scenery/global/scenery/TEXTURE/TRIPLEHANGAR_COMP_7.PNG.DDS",
      "size": 1398276,
      "date": 132456944230483454
    },
    {
      "path": "scenery/global/scenery/TEXTURE/TRIPLEHANGAR_COMP_7.PNG.DDS.json",
      "size": 191,
      "date": 132456944230393378
    },
    {
      "path": "scenery/global/scenery/TEXTURE/TRIPLEHANGAR_NORM.PNG.DDS",
      "size": 1398256,
      "date": 132456944218853465
    },
    {
      "path": "scenery/global/scenery/TEXTURE/TRIPLEHANGAR_NORM.PNG.DDS.json",
      "size": 160,
      "date": 132456944218788411
    },
    {
      "path": "scenery/global/scenery/TEXTURE/TRIPLEHANGAR_NORM_11.PNG.DDS",
      "size": 1398256,
      "date": 132456944247362946
    },
    {
      "path": "scenery/global/scenery/TEXTURE/TRIPLEHANGAR_NORM_11.PNG.DDS.json",
      "size": 160,
      "date": 132456944247292886
    },
    {
      "path": "scenery/global/scenery/TEXTURE/TRIPLEHANGAR_NORM_14.PNG.DDS",
      "size": 1398256,
      "date": 132456944209790686
    },
    {
      "path": "scenery/global/scenery/TEXTURE/TRIPLEHANGAR_NORM_14.PNG.DDS.json",
      "size": 160,
      "date": 132456944209715620
    },
    {
      "path": "scenery/global/scenery/TEXTURE/TRIPLEHANGAR_NORM_17.PNG.DDS",
      "size": 1398256,
      "date": 132456944240346920
    },
    {
      "path": "scenery/global/scenery/TEXTURE/TRIPLEHANGAR_NORM_17.PNG.DDS.json",
      "size": 160,
      "date": 132456944239896533
    },
    {
      "path": "scenery/global/scenery/TEXTURE/TRIPLEHANGAR_NORM_2.PNG.DDS",
      "size": 1398256,
      "date": 132456944224783560
    },
    {
      "path": "scenery/global/scenery/TEXTURE/TRIPLEHANGAR_NORM_2.PNG.DDS.json",
      "size": 160,
      "date": 132456944224718500
    },
    {
      "path": "scenery/global/scenery/TEXTURE/TRIPLEHANGAR_NORM_5.PNG.DDS",
      "size": 1398256,
      "date": 132456944238940716
    },
    {
      "path": "scenery/global/scenery/TEXTURE/TRIPLEHANGAR_NORM_5.PNG.DDS.json",
      "size": 160,
      "date": 132456944238875660
    },
    {
      "path": "scenery/global/scenery/TEXTURE/TRIPLEHANGAR_NORM_8.PNG.DDS",
      "size": 1398256,
      "date": 132456944225369061
    },
    {
      "path": "scenery/global/scenery/TEXTURE/TRIPLEHANGAR_NORM_8.PNG.DDS.json",
      "size": 160,
      "date": 132456944225299004
    },
    {
      "path": "scenery/world/scenery/AIRPORT-KHHR-POLY.BGL",
      "size": 4128,
      "date": 132456951420384159
    },
    {
      "path": "scenery/world/scenery/airport-khhr.bgl",
      "size": 151441,
      "date": 132456951420023850
    }
  ]
}