{
  "content": [
    {
      "path": "ContentInfo/vtolaviation-khhrassets/Thumbnail.jpg",
      "size": 13520,
      "date": 132399161780000000
    },
    {
      "path": "manifest.json",
      "size": 270,
      "date": 132452924978890733
    },
    {
      "path": "scenery/global/scenery/modelLib.BGL",
      "size": 3503890,
      "date": 132452944751787961
    },
    {
      "path": "scenery/global/scenery/TEXTURE/ADVANCEDAIR_ALBD.PNG.DDS",
      "size": 699192,
      "date": 132444394221993331
    },
    {
      "path": "scenery/global/scenery/TEXTURE/ADVANCEDAIR_ALBD.PNG.DDS.json",
      "size": 102,
      "date": 132444394221818177
    },
    {
      "path": "scenery/global/scenery/TEXTURE/ADVANCEDAIR_ALBD_12.PNG.DDS",
      "size": 699192,
      "date": 132444394280473575
    },
    {
      "path": "scenery/global/scenery/TEXTURE/ADVANCEDAIR_ALBD_12.PNG.DDS.json",
      "size": 102,
      "date": 132444394280453552
    },
    {
      "path": "scenery/global/scenery/TEXTURE/ADVANCEDAIR_ALBD_15.PNG.DDS",
      "size": 699192,
      "date": 132444394162772452
    },
    {
      "path": "scenery/global/scenery/TEXTURE/ADVANCEDAIR_ALBD_15.PNG.DDS.json",
      "size": 102,
      "date": 132444394162662365
    },
    {
      "path": "scenery/global/scenery/TEXTURE/ADVANCEDAIR_ALBD_18.PNG.DDS",
      "size": 699192,
      "date": 132444394292518917
    },
    {
      "path": "scenery/global/scenery/TEXTURE/ADVANCEDAIR_ALBD_18.PNG.DDS.json",
      "size": 102,
      "date": 132444394292473880
    },
    {
      "path": "scenery/global/scenery/TEXTURE/ADVANCEDAIR_ALBD_21.PNG.DDS",
      "size": 699192,
      "date": 132444394183094919
    },
    {
      "path": "scenery/global/scenery/TEXTURE/ADVANCEDAIR_ALBD_21.PNG.DDS.json",
      "size": 102,
      "date": 132444394182749615
    },
    {
      "path": "scenery/global/scenery/TEXTURE/ADVANCEDAIR_ALBD_24.PNG.DDS",
      "size": 699192,
      "date": 132444394239047982
    },
    {
      "path": "scenery/global/scenery/TEXTURE/ADVANCEDAIR_ALBD_24.PNG.DDS.json",
      "size": 102,
      "date": 132444394239027960
    },
    {
      "path": "scenery/global/scenery/TEXTURE/ADVANCEDAIR_ALBD_27.PNG.DDS",
      "size": 699192,
      "date": 132444394150902257
    },
    {
      "path": "scenery/global/scenery/TEXTURE/ADVANCEDAIR_ALBD_27.PNG.DDS.json",
      "size": 102,
      "date": 132444394150536940
    },
    {
      "path": "scenery/global/scenery/TEXTURE/ADVANCEDAIR_ALBD_3.PNG.DDS",
      "size": 699192,
      "date": 132444394226527226
    },
    {
      "path": "scenery/global/scenery/TEXTURE/ADVANCEDAIR_ALBD_3.PNG.DDS.json",
      "size": 102,
      "date": 132444394226357076
    },
    {
      "path": "scenery/global/scenery/TEXTURE/ADVANCEDAIR_ALBD_30.PNG.DDS",
      "size": 699192,
      "date": 132444394160330358
    },
    {
      "path": "scenery/global/scenery/TEXTURE/ADVANCEDAIR_ALBD_30.PNG.DDS.json",
      "size": 102,
      "date": 132444394160280314
    },
    {
      "path": "scenery/global/scenery/TEXTURE/ADVANCEDAIR_ALBD_33.PNG.DDS",
      "size": 699192,
      "date": 132444394225121016
    },
    {
      "path": "scenery/global/scenery/TEXTURE/ADVANCEDAIR_ALBD_33.PNG.DDS.json",
      "size": 102,
      "date": 132444394225101001
    },
    {
      "path": "scenery/global/scenery/TEXTURE/ADVANCEDAIR_ALBD_36.PNG.DDS",
      "size": 699192,
      "date": 132444394218675480
    },
    {
      "path": "scenery/global/scenery/TEXTURE/ADVANCEDAIR_ALBD_36.PNG.DDS.json",
      "size": 102,
      "date": 132444394218505335
    },
    {
      "path": "scenery/global/scenery/TEXTURE/ADVANCEDAIR_ALBD_39.PNG.DDS",
      "size": 699192,
      "date": 132444394231791751
    },
    {
      "path": "scenery/global/scenery/TEXTURE/ADVANCEDAIR_ALBD_39.PNG.DDS.json",
      "size": 102,
      "date": 132444394231581568
    },
    {
      "path": "scenery/global/scenery/TEXTURE/ADVANCEDAIR_ALBD_42.PNG.DDS",
      "size": 699192,
      "date": 132444394268673432
    },
    {
      "path": "scenery/global/scenery/TEXTURE/ADVANCEDAIR_ALBD_42.PNG.DDS.json",
      "size": 102,
      "date": 132444394268653415
    },
    {
      "path": "scenery/global/scenery/TEXTURE/ADVANCEDAIR_ALBD_45.PNG.DDS",
      "size": 699192,
      "date": 132444394139582533
    },
    {
      "path": "scenery/global/scenery/TEXTURE/ADVANCEDAIR_ALBD_45.PNG.DDS.json",
      "size": 102,
      "date": 132444394139562512
    },
    {
      "path": "scenery/global/scenery/TEXTURE/ADVANCEDAIR_ALBD_48.PNG.DDS",
      "size": 699192,
      "date": 132444394255196854
    },
    {
      "path": "scenery/global/scenery/TEXTURE/ADVANCEDAIR_ALBD_48.PNG.DDS.json",
      "size": 102,
      "date": 132444394255176837
    },
    {
      "path": "scenery/global/scenery/TEXTURE/ADVANCEDAIR_ALBD_51.PNG.DDS",
      "size": 699192,
      "date": 132444394228453884
    },
    {
      "path": "scenery/global/scenery/TEXTURE/ADVANCEDAIR_ALBD_51.PNG.DDS.json",
      "size": 102,
      "date": 132444394228333775
    },
    {
      "path": "scenery/global/scenery/TEXTURE/ADVANCEDAIR_ALBD_54.PNG.DDS",
      "size": 699192,
      "date": 132444394223399539
    },
    {
      "path": "scenery/global/scenery/TEXTURE/ADVANCEDAIR_ALBD_54.PNG.DDS.json",
      "size": 102,
      "date": 132444394223174345
    },
    {
      "path": "scenery/global/scenery/TEXTURE/ADVANCEDAIR_ALBD_57.PNG.DDS",
      "size": 699192,
      "date": 132444394274328292
    },
    {
      "path": "scenery/global/scenery/TEXTURE/ADVANCEDAIR_ALBD_57.PNG.DDS.json",
      "size": 102,
      "date": 132444394274268239
    },
    {
      "path": "scenery/global/scenery/TEXTURE/ADVANCEDAIR_ALBD_6.PNG.DDS",
      "size": 699192,
      "date": 132444394220081690
    },
    {
      "path": "scenery/global/scenery/TEXTURE/ADVANCEDAIR_ALBD_6.PNG.DDS.json",
      "size": 102,
      "date": 132444394219856494
    },
    {
      "path": "scenery/global/scenery/TEXTURE/ADVANCEDAIR_ALBD_60.PNG.DDS",
      "size": 699192,
      "date": 132444394157282742
    },
    {
      "path": "scenery/global/scenery/TEXTURE/ADVANCEDAIR_ALBD_60.PNG.DDS.json",
      "size": 102,
      "date": 132444394157262720
    },
    {
      "path": "scenery/global/scenery/TEXTURE/ADVANCEDAIR_ALBD_63.PNG.DDS",
      "size": 699192,
      "date": 132444394240454192
    },
    {
      "path": "scenery/global/scenery/TEXTURE/ADVANCEDAIR_ALBD_63.PNG.DDS.json",
      "size": 102,
      "date": 132444394240314070
    },
    {
      "path": "scenery/global/scenery/TEXTURE/ADVANCEDAIR_ALBD_66.PNG.DDS",
      "size": 699192,
      "date": 132444394175263188
    },
    {
      "path": "scenery/global/scenery/TEXTURE/ADVANCEDAIR_ALBD_66.PNG.DDS.json",
      "size": 102,
      "date": 132444394175093034
    },
    {
      "path": "scenery/global/scenery/TEXTURE/ADVANCEDAIR_ALBD_69.PNG.DDS",
      "size": 699192,
      "date": 132444394237952042
    },
    {
      "path": "scenery/global/scenery/TEXTURE/ADVANCEDAIR_ALBD_69.PNG.DDS.json",
      "size": 102,
      "date": 132444394237551703
    },
    {
      "path": "scenery/global/scenery/TEXTURE/ADVANCEDAIR_ALBD_72.PNG.DDS",
      "size": 699192,
      "date": 132444394262127809
    },
    {
      "path": "scenery/global/scenery/TEXTURE/ADVANCEDAIR_ALBD_72.PNG.DDS.json",
      "size": 102,
      "date": 132444394262102789
    },
    {
      "path": "scenery/global/scenery/TEXTURE/ADVANCEDAIR_ALBD_75.PNG.DDS",
      "size": 699192,
      "date": 132444394158683939
    },
    {
      "path": "scenery/global/scenery/TEXTURE/ADVANCEDAIR_ALBD_75.PNG.DDS.json",
      "size": 102,
      "date": 132444394158518798
    },
    {
      "path": "scenery/global/scenery/TEXTURE/ADVANCEDAIR_ALBD_9.PNG.DDS",
      "size": 699192,
      "date": 132444394230385540
    },
    {
      "path": "scenery/global/scenery/TEXTURE/ADVANCEDAIR_ALBD_9.PNG.DDS.json",
      "size": 102,
      "date": 132444394230235419
    },
    {
      "path": "scenery/global/scenery/TEXTURE/ADVANCEDAIR_COMP.PNG.DDS",
      "size": 1398276,
      "date": 132444394138646739
    },
    {
      "path": "scenery/global/scenery/TEXTURE/ADVANCEDAIR_COMP.PNG.DDS.json",
      "size": 191,
      "date": 132444394138591690
    },
    {
      "path": "scenery/global/scenery/TEXTURE/ADVANCEDAIR_COMP_1.PNG.DDS",
      "size": 1398276,
      "date": 132444394285803150
    },
    {
      "path": "scenery/global/scenery/TEXTURE/ADVANCEDAIR_COMP_1.PNG.DDS.json",
      "size": 191,
      "date": 132444394285743100
    },
    {
      "path": "scenery/global/scenery/TEXTURE/ADVANCEDAIR_COMP_10.PNG.DDS",
      "size": 1398276,
      "date": 132444394181688709
    },
    {
      "path": "scenery/global/scenery/TEXTURE/ADVANCEDAIR_COMP_10.PNG.DDS.json",
      "size": 191,
      "date": 132444394181603633
    },
    {
      "path": "scenery/global/scenery/TEXTURE/ADVANCEDAIR_COMP_13.PNG.DDS",
      "size": 1398276,
      "date": 132444394302037104
    },
    {
      "path": "scenery/global/scenery/TEXTURE/ADVANCEDAIR_COMP_13.PNG.DDS.json",
      "size": 191,
      "date": 132444394301982055
    },
    {
      "path": "scenery/global/scenery/TEXTURE/ADVANCEDAIR_COMP_16.PNG.DDS",
      "size": 1398276,
      "date": 132444394149501060
    },
    {
      "path": "scenery/global/scenery/TEXTURE/ADVANCEDAIR_COMP_16.PNG.DDS.json",
      "size": 191,
      "date": 132444394149441009
    },
    {
      "path": "scenery/global/scenery/TEXTURE/ADVANCEDAIR_COMP_19.PNG.DDS",
      "size": 1398276,
      "date": 132444394290732398
    },
    {
      "path": "scenery/global/scenery/TEXTURE/ADVANCEDAIR_COMP_19.PNG.DDS.json",
      "size": 191,
      "date": 132444394290647319
    },
    {
      "path": "scenery/global/scenery/TEXTURE/ADVANCEDAIR_COMP_22.PNG.DDS",
      "size": 1398276,
      "date": 132444394198693321
    },
    {
      "path": "scenery/global/scenery/TEXTURE/ADVANCEDAIR_COMP_22.PNG.DDS.json",
      "size": 191,
      "date": 132444394198403067
    },
    {
      "path": "scenery/global/scenery/TEXTURE/ADVANCEDAIR_COMP_25.PNG.DDS",
      "size": 1398276,
      "date": 132444394254206013
    },
    {
      "path": "scenery/global/scenery/TEXTURE/ADVANCEDAIR_COMP_25.PNG.DDS.json",
      "size": 191,
      "date": 132444394254150968
    },
    {
      "path": "scenery/global/scenery/TEXTURE/ADVANCEDAIR_COMP_28.PNG.DDS",
      "size": 1398276,
      "date": 132444394216873942
    },
    {
      "path": "scenery/global/scenery/TEXTURE/ADVANCEDAIR_COMP_28.PNG.DDS.json",
      "size": 191,
      "date": 132444394216818886
    },
    {
      "path": "scenery/global/scenery/TEXTURE/ADVANCEDAIR_COMP_31.PNG.DDS",
      "size": 1398276,
      "date": 132444394173391579
    },
    {
      "path": "scenery/global/scenery/TEXTURE/ADVANCEDAIR_COMP_31.PNG.DDS.json",
      "size": 191,
      "date": 132444394173296498
    },
    {
      "path": "scenery/global/scenery/TEXTURE/ADVANCEDAIR_COMP_34.PNG.DDS",
      "size": 1398276,
      "date": 132444394266846872
    },
    {
      "path": "scenery/global/scenery/TEXTURE/ADVANCEDAIR_COMP_34.PNG.DDS.json",
      "size": 191,
      "date": 132444394266621682
    },
    {
      "path": "scenery/global/scenery/TEXTURE/ADVANCEDAIR_COMP_37.PNG.DDS",
      "size": 1398276,
      "date": 132444394203352321
    },
    {
      "path": "scenery/global/scenery/TEXTURE/ADVANCEDAIR_COMP_37.PNG.DDS.json",
      "size": 191,
      "date": 132444394203302276
    },
    {
      "path": "scenery/global/scenery/TEXTURE/ADVANCEDAIR_COMP_4.PNG.DDS",
      "size": 1398276,
      "date": 132444394156306901
    },
    {
      "path": "scenery/global/scenery/TEXTURE/ADVANCEDAIR_COMP_4.PNG.DDS.json",
      "size": 191,
      "date": 132444394156206814
    },
    {
      "path": "scenery/global/scenery/TEXTURE/ADVANCEDAIR_COMP_40.PNG.DDS",
      "size": 1398276,
      "date": 132444394207966288
    },
    {
      "path": "scenery/global/scenery/TEXTURE/ADVANCEDAIR_COMP_40.PNG.DDS.json",
      "size": 191,
      "date": 132444394207911241
    },
    {
      "path": "scenery/global/scenery/TEXTURE/ADVANCEDAIR_COMP_43.PNG.DDS",
      "size": 1398276,
      "date": 132444394260166129
    },
    {
      "path": "scenery/global/scenery/TEXTURE/ADVANCEDAIR_COMP_43.PNG.DDS.json",
      "size": 191,
      "date": 132444394260101067
    },
    {
      "path": "scenery/global/scenery/TEXTURE/ADVANCEDAIR_COMP_46.PNG.DDS",
      "size": 1398276,
      "date": 132444394169047862
    },
    {
      "path": "scenery/global/scenery/TEXTURE/ADVANCEDAIR_COMP_46.PNG.DDS.json",
      "size": 191,
      "date": 132444394168992806
    },
    {
      "path": "scenery/global/scenery/TEXTURE/ADVANCEDAIR_COMP_49.PNG.DDS",
      "size": 1398276,
      "date": 132444394279527765
    },
    {
      "path": "scenery/global/scenery/TEXTURE/ADVANCEDAIR_COMP_49.PNG.DDS.json",
      "size": 191,
      "date": 132444394279467718
    },
    {
      "path": "scenery/global/scenery/TEXTURE/ADVANCEDAIR_COMP_52.PNG.DDS",
      "size": 1398276,
      "date": 132444394245468508
    },
    {
      "path": "scenery/global/scenery/TEXTURE/ADVANCEDAIR_COMP_52.PNG.DDS.json",
      "size": 191,
      "date": 132444394245378426
    },
    {
      "path": "scenery/global/scenery/TEXTURE/ADVANCEDAIR_COMP_55.PNG.DDS",
      "size": 1398276,
      "date": 132444394193909207
    },
    {
      "path": "scenery/global/scenery/TEXTURE/ADVANCEDAIR_COMP_55.PNG.DDS.json",
      "size": 191,
      "date": 132444394193854164
    },
    {
      "path": "scenery/global/scenery/TEXTURE/ADVANCEDAIR_COMP_58.PNG.DDS",
      "size": 1398276,
      "date": 132444394236550840
    },
    {
      "path": "scenery/global/scenery/TEXTURE/ADVANCEDAIR_COMP_58.PNG.DDS.json",
      "size": 191,
      "date": 132444394236490791
    },
    {
      "path": "scenery/global/scenery/TEXTURE/ADVANCEDAIR_COMP_61.PNG.DDS",
      "size": 1398276,
      "date": 132444394144912111
    },
    {
      "path": "scenery/global/scenery/TEXTURE/ADVANCEDAIR_COMP_61.PNG.DDS.json",
      "size": 191,
      "date": 132444394144857070
    },
    {
      "path": "scenery/global/scenery/TEXTURE/ADVANCEDAIR_COMP_64.PNG.DDS",
      "size": 1398276,
      "date": 132444394297122884
    },
    {
      "path": "scenery/global/scenery/TEXTURE/ADVANCEDAIR_COMP_64.PNG.DDS.json",
      "size": 191,
      "date": 132444394297027802
    },
    {
      "path": "scenery/global/scenery/TEXTURE/ADVANCEDAIR_COMP_67.PNG.DDS",
      "size": 1398276,
      "date": 132444394188514579
    },
    {
      "path": "scenery/global/scenery/TEXTURE/ADVANCEDAIR_COMP_67.PNG.DDS.json",
      "size": 191,
      "date": 132444394188459527
    },
    {
      "path": "scenery/global/scenery/TEXTURE/ADVANCEDAIR_COMP_7.PNG.DDS",
      "size": 1398276,
      "date": 132444394249997388
    },
    {
      "path": "scenery/global/scenery/TEXTURE/ADVANCEDAIR_COMP_7.PNG.DDS.json",
      "size": 191,
      "date": 132444394249942355
    },
    {
      "path": "scenery/global/scenery/TEXTURE/ADVANCEDAIR_COMP_70.PNG.DDS",
      "size": 1398276,
      "date": 132444394212655314
    },
    {
      "path": "scenery/global/scenery/TEXTURE/ADVANCEDAIR_COMP_70.PNG.DDS.json",
      "size": 191,
      "date": 132444394212600268
    },
    {
      "path": "scenery/global/scenery/TEXTURE/ADVANCEDAIR_COMP_73.PNG.DDS",
      "size": 1398276,
      "date": 132444394273357466
    },
    {
      "path": "scenery/global/scenery/TEXTURE/ADVANCEDAIR_COMP_73.PNG.DDS.json",
      "size": 191,
      "date": 132444394273302419
    },
    {
      "path": "scenery/global/scenery/TEXTURE/ADVANCEDAIR_NORM.PNG.DDS",
      "size": 1398256,
      "date": 132444394163237853
    },
    {
      "path": "scenery/global/scenery/TEXTURE/ADVANCEDAIR_NORM.PNG.DDS.json",
      "size": 160,
      "date": 132444394163212831
    },
    {
      "path": "scenery/global/scenery/TEXTURE/ADVANCEDAIR_NORM_11.PNG.DDS",
      "size": 1398256,
      "date": 132444394151442723
    },
    {
      "path": "scenery/global/scenery/TEXTURE/ADVANCEDAIR_NORM_11.PNG.DDS.json",
      "size": 160,
      "date": 132444394151412694
    },
    {
      "path": "scenery/global/scenery/TEXTURE/ADVANCEDAIR_NORM_14.PNG.DDS",
      "size": 1398256,
      "date": 132444394280953984
    },
    {
      "path": "scenery/global/scenery/TEXTURE/ADVANCEDAIR_NORM_14.PNG.DDS.json",
      "size": 160,
      "date": 132444394280928962
    },
    {
      "path": "scenery/global/scenery/TEXTURE/ADVANCEDAIR_NORM_17.PNG.DDS",
      "size": 1398256,
      "date": 132444394175733591
    },
    {
      "path": "scenery/global/scenery/TEXTURE/ADVANCEDAIR_NORM_17.PNG.DDS.json",
      "size": 160,
      "date": 132444394175703564
    },
    {
      "path": "scenery/global/scenery/TEXTURE/ADVANCEDAIR_NORM_2.PNG.DDS",
      "size": 1398256,
      "date": 132444394188904905
    },
    {
      "path": "scenery/global/scenery/TEXTURE/ADVANCEDAIR_NORM_2.PNG.DDS.json",
      "size": 160,
      "date": 132444394188879883
    },
    {
      "path": "scenery/global/scenery/TEXTURE/ADVANCEDAIR_NORM_20.PNG.DDS",
      "size": 1398256,
      "date": 132444394227057677
    },
    {
      "path": "scenery/global/scenery/TEXTURE/ADVANCEDAIR_NORM_20.PNG.DDS.json",
      "size": 160,
      "date": 132444394227027653
    },
    {
      "path": "scenery/global/scenery/TEXTURE/ADVANCEDAIR_NORM_23.PNG.DDS",
      "size": 1398256,
      "date": 132444394161371254
    },
    {
      "path": "scenery/global/scenery/TEXTURE/ADVANCEDAIR_NORM_23.PNG.DDS.json",
      "size": 160,
      "date": 132444394161341226
    },
    {
      "path": "scenery/global/scenery/TEXTURE/ADVANCEDAIR_NORM_26.PNG.DDS",
      "size": 1398256,
      "date": 132444394274798699
    },
    {
      "path": "scenery/global/scenery/TEXTURE/ADVANCEDAIR_NORM_26.PNG.DDS.json",
      "size": 160,
      "date": 132444394274768669
    },
    {
      "path": "scenery/global/scenery/TEXTURE/ADVANCEDAIR_NORM_29.PNG.DDS",
      "size": 1398256,
      "date": 132444394164238712
    },
    {
      "path": "scenery/global/scenery/TEXTURE/ADVANCEDAIR_NORM_29.PNG.DDS.json",
      "size": 160,
      "date": 132444394164173658
    },
    {
      "path": "scenery/global/scenery/TEXTURE/ADVANCEDAIR_NORM_32.PNG.DDS",
      "size": 1398256,
      "date": 132444394176659382
    },
    {
      "path": "scenery/global/scenery/TEXTURE/ADVANCEDAIR_NORM_32.PNG.DDS.json",
      "size": 160,
      "date": 132444394176634359
    },
    {
      "path": "scenery/global/scenery/TEXTURE/ADVANCEDAIR_NORM_35.PNG.DDS",
      "size": 1398256,
      "date": 132444394223864943
    },
    {
      "path": "scenery/global/scenery/TEXTURE/ADVANCEDAIR_NORM_35.PNG.DDS.json",
      "size": 160,
      "date": 132444394223839919
    },
    {
      "path": "scenery/global/scenery/TEXTURE/ADVANCEDAIR_NORM_38.PNG.DDS",
      "size": 1398256,
      "date": 132444394173856985
    },
    {
      "path": "scenery/global/scenery/TEXTURE/ADVANCEDAIR_NORM_38.PNG.DDS.json",
      "size": 160,
      "date": 132444394173791920
    },
    {
      "path": "scenery/global/scenery/TEXTURE/ADVANCEDAIR_NORM_41.PNG.DDS",
      "size": 1398256,
      "date": 132444394160860812
    },
    {
      "path": "scenery/global/scenery/TEXTURE/ADVANCEDAIR_NORM_41.PNG.DDS.json",
      "size": 160,
      "date": 132444394160830787
    },
    {
      "path": "scenery/global/scenery/TEXTURE/ADVANCEDAIR_NORM_44.PNG.DDS",
      "size": 1398256,
      "date": 132444394267257222
    },
    {
      "path": "scenery/global/scenery/TEXTURE/ADVANCEDAIR_NORM_44.PNG.DDS.json",
      "size": 160,
      "date": 132444394267232192
    },
    {
      "path": "scenery/global/scenery/TEXTURE/ADVANCEDAIR_NORM_47.PNG.DDS",
      "size": 1398256,
      "date": 132444394217269272
    },
    {
      "path": "scenery/global/scenery/TEXTURE/ADVANCEDAIR_NORM_47.PNG.DDS.json",
      "size": 160,
      "date": 132444394217239245
    },
    {
      "path": "scenery/global/scenery/TEXTURE/ADVANCEDAIR_NORM_5.PNG.DDS",
      "size": 1398256,
      "date": 132444394228984334
    },
    {
      "path": "scenery/global/scenery/TEXTURE/ADVANCEDAIR_NORM_5.PNG.DDS.json",
      "size": 160,
      "date": 132444394228914276
    },
    {
      "path": "scenery/global/scenery/TEXTURE/ADVANCEDAIR_NORM_50.PNG.DDS",
      "size": 1398256,
      "date": 132444394183625366
    },
    {
      "path": "scenery/global/scenery/TEXTURE/ADVANCEDAIR_NORM_50.PNG.DDS.json",
      "size": 160,
      "date": 132444394183555306
    },
    {
      "path": "scenery/global/scenery/TEXTURE/ADVANCEDAIR_NORM_53.PNG.DDS",
      "size": 1398256,
      "date": 132444394297508204
    },
    {
      "path": "scenery/global/scenery/TEXTURE/ADVANCEDAIR_NORM_53.PNG.DDS.json",
      "size": 160,
      "date": 132444394297478179
    },
    {
      "path": "scenery/global/scenery/TEXTURE/ADVANCEDAIR_NORM_56.PNG.DDS",
      "size": 1398256,
      "date": 132444394140057941
    },
    {
      "path": "scenery/global/scenery/TEXTURE/ADVANCEDAIR_NORM_56.PNG.DDS.json",
      "size": 160,
      "date": 132444394140032918
    },
    {
      "path": "scenery/global/scenery/TEXTURE/ADVANCEDAIR_NORM_59.PNG.DDS",
      "size": 1398256,
      "date": 132444394291117718
    },
    {
      "path": "scenery/global/scenery/TEXTURE/ADVANCEDAIR_NORM_59.PNG.DDS.json",
      "size": 160,
      "date": 132444394291087686
    },
    {
      "path": "scenery/global/scenery/TEXTURE/ADVANCEDAIR_NORM_62.PNG.DDS",
      "size": 1398256,
      "date": 132444394189410340
    },
    {
      "path": "scenery/global/scenery/TEXTURE/ADVANCEDAIR_NORM_62.PNG.DDS.json",
      "size": 160,
      "date": 132444394189345283
    },
    {
      "path": "scenery/global/scenery/TEXTURE/ADVANCEDAIR_NORM_65.PNG.DDS",
      "size": 1398256,
      "date": 132444394240964629
    },
    {
      "path": "scenery/global/scenery/TEXTURE/ADVANCEDAIR_NORM_65.PNG.DDS.json",
      "size": 160,
      "date": 132444394240899571
    },
    {
      "path": "scenery/global/scenery/TEXTURE/ADVANCEDAIR_NORM_68.PNG.DDS",
      "size": 1398256,
      "date": 132444394220592129
    },
    {
      "path": "scenery/global/scenery/TEXTURE/ADVANCEDAIR_NORM_68.PNG.DDS.json",
      "size": 160,
      "date": 132444394220527069
    },
    {
      "path": "scenery/global/scenery/TEXTURE/ADVANCEDAIR_NORM_71.PNG.DDS",
      "size": 1398256,
      "date": 132444394163733280
    },
    {
      "path": "scenery/global/scenery/TEXTURE/ADVANCEDAIR_NORM_71.PNG.DDS.json",
      "size": 160,
      "date": 132444394163703256
    },
    {
      "path": "scenery/global/scenery/TEXTURE/ADVANCEDAIR_NORM_74.PNG.DDS",
      "size": 1398256,
      "date": 132444394260726606
    },
    {
      "path": "scenery/global/scenery/TEXTURE/ADVANCEDAIR_NORM_74.PNG.DDS.json",
      "size": 160,
      "date": 132444394260696584
    },
    {
      "path": "scenery/global/scenery/TEXTURE/ADVANCEDAIR_NORM_8.PNG.DDS",
      "size": 1398256,
      "date": 132444394176198987
    },
    {
      "path": "scenery/global/scenery/TEXTURE/ADVANCEDAIR_NORM_8.PNG.DDS.json",
      "size": 160,
      "date": 132444394176173965
    },
    {
      "path": "scenery/global/scenery/TEXTURE/FALCON9_ALBD.PNG.DDS",
      "size": 699192,
      "date": 132449906607869977
    },
    {
      "path": "scenery/global/scenery/TEXTURE/FALCON9_ALBD.PNG.DDS.json",
      "size": 102,
      "date": 132449906607814933
    },
    {
      "path": "scenery/global/scenery/TEXTURE/FALCON9_ALBD_12.PNG.DDS",
      "size": 699192,
      "date": 132449906593376434
    },
    {
      "path": "scenery/global/scenery/TEXTURE/FALCON9_ALBD_12.PNG.DDS.json",
      "size": 102,
      "date": 132449906593321385
    },
    {
      "path": "scenery/global/scenery/TEXTURE/FALCON9_ALBD_15.PNG.DDS",
      "size": 699192,
      "date": 132449906573817241
    },
    {
      "path": "scenery/global/scenery/TEXTURE/FALCON9_ALBD_15.PNG.DDS.json",
      "size": 102,
      "date": 132449906573762193
    },
    {
      "path": "scenery/global/scenery/TEXTURE/FALCON9_ALBD_18.PNG.DDS",
      "size": 699192,
      "date": 132449906582340883
    },
    {
      "path": "scenery/global/scenery/TEXTURE/FALCON9_ALBD_18.PNG.DDS.json",
      "size": 102,
      "date": 132449906582285840
    },
    {
      "path": "scenery/global/scenery/TEXTURE/FALCON9_ALBD_21.PNG.DDS",
      "size": 699192,
      "date": 132449906571405172
    },
    {
      "path": "scenery/global/scenery/TEXTURE/FALCON9_ALBD_21.PNG.DDS.json",
      "size": 102,
      "date": 132449906571345120
    },
    {
      "path": "scenery/global/scenery/TEXTURE/FALCON9_ALBD_24.PNG.DDS",
      "size": 699192,
      "date": 132449906606413727
    },
    {
      "path": "scenery/global/scenery/TEXTURE/FALCON9_ALBD_24.PNG.DDS.json",
      "size": 102,
      "date": 132449906606208550
    },
    {
      "path": "scenery/global/scenery/TEXTURE/FALCON9_ALBD_3.PNG.DDS",
      "size": 699192,
      "date": 132449906599823070
    },
    {
      "path": "scenery/global/scenery/TEXTURE/FALCON9_ALBD_3.PNG.DDS.json",
      "size": 102,
      "date": 132449906599768022
    },
    {
      "path": "scenery/global/scenery/TEXTURE/FALCON9_ALBD_6.PNG.DDS",
      "size": 699192,
      "date": 132449906576699722
    },
    {
      "path": "scenery/global/scenery/TEXTURE/FALCON9_ALBD_6.PNG.DDS.json",
      "size": 102,
      "date": 132449906576644671
    },
    {
      "path": "scenery/global/scenery/TEXTURE/FALCON9_ALBD_9.PNG.DDS",
      "size": 699192,
      "date": 132449906587980728
    },
    {
      "path": "scenery/global/scenery/TEXTURE/FALCON9_ALBD_9.PNG.DDS.json",
      "size": 102,
      "date": 132449906587925681
    },
    {
      "path": "scenery/global/scenery/TEXTURE/FALCON9_COMP.PNG.DDS",
      "size": 1398276,
      "date": 132449906587054938
    },
    {
      "path": "scenery/global/scenery/TEXTURE/FALCON9_COMP.PNG.DDS.json",
      "size": 191,
      "date": 132449906586964854
    },
    {
      "path": "scenery/global/scenery/TEXTURE/FALCON9_COMP_1.PNG.DDS",
      "size": 1398276,
      "date": 132449906612970058
    },
    {
      "path": "scenery/global/scenery/TEXTURE/FALCON9_COMP_1.PNG.DDS.json",
      "size": 191,
      "date": 132449906612915002
    },
    {
      "path": "scenery/global/scenery/TEXTURE/FALCON9_COMP_10.PNG.DDS",
      "size": 1398276,
      "date": 132449906570464371
    },
    {
      "path": "scenery/global/scenery/TEXTURE/FALCON9_COMP_10.PNG.DDS.json",
      "size": 191,
      "date": 132449906570404320
    },
    {
      "path": "scenery/global/scenery/TEXTURE/FALCON9_COMP_13.PNG.DDS",
      "size": 1398276,
      "date": 132449906592450644
    },
    {
      "path": "scenery/global/scenery/TEXTURE/FALCON9_COMP_13.PNG.DDS.json",
      "size": 191,
      "date": 132449906592360569
    },
    {
      "path": "scenery/global/scenery/TEXTURE/FALCON9_COMP_16.PNG.DDS",
      "size": 1398276,
      "date": 132449906581405086
    },
    {
      "path": "scenery/global/scenery/TEXTURE/FALCON9_COMP_16.PNG.DDS.json",
      "size": 191,
      "date": 132449906581315009
    },
    {
      "path": "scenery/global/scenery/TEXTURE/FALCON9_COMP_19.PNG.DDS",
      "size": 1398276,
      "date": 132449906598887269
    },
    {
      "path": "scenery/global/scenery/TEXTURE/FALCON9_COMP_19.PNG.DDS.json",
      "size": 191,
      "date": 132449906598797192
    },
    {
      "path": "scenery/global/scenery/TEXTURE/FALCON9_COMP_22.PNG.DDS",
      "size": 1398276,
      "date": 132449906565912930
    },
    {
      "path": "scenery/global/scenery/TEXTURE/FALCON9_COMP_22.PNG.DDS.json",
      "size": 191,
      "date": 132449906565822852
    },
    {
      "path": "scenery/global/scenery/TEXTURE/FALCON9_COMP_4.PNG.DDS",
      "size": 1398276,
      "date": 132449906561649267
    },
    {
      "path": "scenery/global/scenery/TEXTURE/FALCON9_COMP_4.PNG.DDS.json",
      "size": 191,
      "date": 132449906561594219
    },
    {
      "path": "scenery/global/scenery/TEXTURE/FALCON9_COMP_7.PNG.DDS",
      "size": 1398276,
      "date": 132449906604622193
    },
    {
      "path": "scenery/global/scenery/TEXTURE/FALCON9_COMP_7.PNG.DDS.json",
      "size": 191,
      "date": 132449906604527110
    },
    {
      "path": "scenery/global/scenery/TEXTURE/FALCON9_NORM.PNG.DDS",
      "size": 1398256,
      "date": 132449906605007519
    },
    {
      "path": "scenery/global/scenery/TEXTURE/FALCON9_NORM.PNG.DDS.json",
      "size": 160,
      "date": 132449906604947468
    },
    {
      "path": "scenery/global/scenery/TEXTURE/FALCON9_NORM_11.PNG.DDS",
      "size": 1398256,
      "date": 132449906575248470
    },
    {
      "path": "scenery/global/scenery/TEXTURE/FALCON9_NORM_11.PNG.DDS.json",
      "size": 160,
      "date": 132449906575183412
    },
    {
      "path": "scenery/global/scenery/TEXTURE/FALCON9_NORM_14.PNG.DDS",
      "size": 1398256,
      "date": 132449906593841834
    },
    {
      "path": "scenery/global/scenery/TEXTURE/FALCON9_NORM_14.PNG.DDS.json",
      "size": 160,
      "date": 132449906593776777
    },
    {
      "path": "scenery/global/scenery/TEXTURE/FALCON9_NORM_17.PNG.DDS",
      "size": 1398256,
      "date": 132449906571860560
    },
    {
      "path": "scenery/global/scenery/TEXTURE/FALCON9_NORM_17.PNG.DDS.json",
      "size": 160,
      "date": 132449906571800513
    },
    {
      "path": "scenery/global/scenery/TEXTURE/FALCON9_NORM_2.PNG.DDS",
      "size": 1398256,
      "date": 132449906572365996
    },
    {
      "path": "scenery/global/scenery/TEXTURE/FALCON9_NORM_2.PNG.DDS.json",
      "size": 160,
      "date": 132449906572295932
    },
    {
      "path": "scenery/global/scenery/TEXTURE/FALCON9_NORM_20.PNG.DDS",
      "size": 1398256,
      "date": 132449906608315357
    },
    {
      "path": "scenery/global/scenery/TEXTURE/FALCON9_NORM_20.PNG.DDS.json",
      "size": 160,
      "date": 132449906608250303
    },
    {
      "path": "scenery/global/scenery/TEXTURE/FALCON9_NORM_23.PNG.DDS",
      "size": 1398256,
      "date": 132449906574733027
    },
    {
      "path": "scenery/global/scenery/TEXTURE/FALCON9_NORM_23.PNG.DDS.json",
      "size": 160,
      "date": 132449906574667974
    },
    {
      "path": "scenery/global/scenery/TEXTURE/FALCON9_NORM_5.PNG.DDS",
      "size": 1398256,
      "date": 132449906594292223
    },
    {
      "path": "scenery/global/scenery/TEXTURE/FALCON9_NORM_5.PNG.DDS.json",
      "size": 160,
      "date": 132449906594232170
    },
    {
      "path": "scenery/global/scenery/TEXTURE/FALCON9_NORM_8.PNG.DDS",
      "size": 1398256,
      "date": 132449906574277636
    },
    {
      "path": "scenery/global/scenery/TEXTURE/FALCON9_NORM_8.PNG.DDS.json",
      "size": 160,
      "date": 132449906574212579
    },
    {
      "path": "scenery/global/scenery/TEXTURE/SINGLEHANGAR_ALBD.PNG.DDS",
      "size": 699192,
      "date": 132447719307569475
    },
    {
      "path": "scenery/global/scenery/TEXTURE/SINGLEHANGAR_ALBD.PNG.DDS.json",
      "size": 102,
      "date": 132447719307504419
    },
    {
      "path": "scenery/global/scenery/TEXTURE/SINGLEHANGAR_ALBD_12.PNG.DDS",
      "size": 699192,
      "date": 132447719298246478
    },
    {
      "path": "scenery/global/scenery/TEXTURE/SINGLEHANGAR_ALBD_12.PNG.DDS.json",
      "size": 102,
      "date": 132447719298186426
    },
    {
      "path": "scenery/global/scenery/TEXTURE/SINGLEHANGAR_ALBD_15.PNG.DDS",
      "size": 699192,
      "date": 132447719288503107
    },
    {
      "path": "scenery/global/scenery/TEXTURE/SINGLEHANGAR_ALBD_15.PNG.DDS.json",
      "size": 102,
      "date": 132447719288433053
    },
    {
      "path": "scenery/global/scenery/TEXTURE/SINGLEHANGAR_ALBD_18.PNG.DDS",
      "size": 699192,
      "date": 132447719305822979
    },
    {
      "path": "scenery/global/scenery/TEXTURE/SINGLEHANGAR_ALBD_18.PNG.DDS.json",
      "size": 102,
      "date": 132447719305762926
    },
    {
      "path": "scenery/global/scenery/TEXTURE/SINGLEHANGAR_ALBD_3.PNG.DDS",
      "size": 699192,
      "date": 132447719294703432
    },
    {
      "path": "scenery/global/scenery/TEXTURE/SINGLEHANGAR_ALBD_3.PNG.DDS.json",
      "size": 102,
      "date": 132447719294643378
    },
    {
      "path": "scenery/global/scenery/TEXTURE/SINGLEHANGAR_ALBD_6.PNG.DDS",
      "size": 699192,
      "date": 132447719304571904
    },
    {
      "path": "scenery/global/scenery/TEXTURE/SINGLEHANGAR_ALBD_6.PNG.DDS.json",
      "size": 102,
      "date": 132447719304506847
    },
    {
      "path": "scenery/global/scenery/TEXTURE/SINGLEHANGAR_ALBD_9.PNG.DDS",
      "size": 699192,
      "date": 132447719296444932
    },
    {
      "path": "scenery/global/scenery/TEXTURE/SINGLEHANGAR_ALBD_9.PNG.DDS.json",
      "size": 102,
      "date": 132447719296379875
    },
    {
      "path": "scenery/global/scenery/TEXTURE/SINGLEHANGAR_COMP.PNG.DDS",
      "size": 1398276,
      "date": 132447719313319431
    },
    {
      "path": "scenery/global/scenery/TEXTURE/SINGLEHANGAR_COMP.PNG.DDS.json",
      "size": 191,
      "date": 132447719313259374
    },
    {
      "path": "scenery/global/scenery/TEXTURE/SINGLEHANGAR_COMP_1.PNG.DDS",
      "size": 1398276,
      "date": 132447719277702544
    },
    {
      "path": "scenery/global/scenery/TEXTURE/SINGLEHANGAR_COMP_1.PNG.DDS.json",
      "size": 191,
      "date": 132447719277622473
    },
    {
      "path": "scenery/global/scenery/TEXTURE/SINGLEHANGAR_COMP_10.PNG.DDS",
      "size": 1398276,
      "date": 132447719282871983
    },
    {
      "path": "scenery/global/scenery/TEXTURE/SINGLEHANGAR_COMP_10.PNG.DDS.json",
      "size": 191,
      "date": 132447719282816936
    },
    {
      "path": "scenery/global/scenery/TEXTURE/SINGLEHANGAR_COMP_13.PNG.DDS",
      "size": 1398276,
      "date": 132447719303616093
    },
    {
      "path": "scenery/global/scenery/TEXTURE/SINGLEHANGAR_COMP_13.PNG.DDS.json",
      "size": 191,
      "date": 132447719303556043
    },
    {
      "path": "scenery/global/scenery/TEXTURE/SINGLEHANGAR_COMP_16.PNG.DDS",
      "size": 1398276,
      "date": 132447719293777641
    },
    {
      "path": "scenery/global/scenery/TEXTURE/SINGLEHANGAR_COMP_16.PNG.DDS.json",
      "size": 191,
      "date": 132447719293722598
    },
    {
      "path": "scenery/global/scenery/TEXTURE/SINGLEHANGAR_COMP_4.PNG.DDS",
      "size": 1398276,
      "date": 132447719318934233
    },
    {
      "path": "scenery/global/scenery/TEXTURE/SINGLEHANGAR_COMP_4.PNG.DDS.json",
      "size": 191,
      "date": 132447719318834158
    },
    {
      "path": "scenery/global/scenery/TEXTURE/SINGLEHANGAR_COMP_7.PNG.DDS",
      "size": 1398276,
      "date": 132447719287547301
    },
    {
      "path": "scenery/global/scenery/TEXTURE/SINGLEHANGAR_COMP_7.PNG.DDS.json",
      "size": 191,
      "date": 132447719287487250
    },
    {
      "path": "scenery/global/scenery/TEXTURE/SINGLEHANGAR_NORM.PNG.DDS",
      "size": 1398256,
      "date": 132447719313764794
    },
    {
      "path": "scenery/global/scenery/TEXTURE/SINGLEHANGAR_NORM.PNG.DDS.json",
      "size": 160,
      "date": 132447719313694736
    },
    {
      "path": "scenery/global/scenery/TEXTURE/SINGLEHANGAR_NORM_11.PNG.DDS",
      "size": 1398256,
      "date": 132447719296920334
    },
    {
      "path": "scenery/global/scenery/TEXTURE/SINGLEHANGAR_NORM_11.PNG.DDS.json",
      "size": 160,
      "date": 132447719296855284
    },
    {
      "path": "scenery/global/scenery/TEXTURE/SINGLEHANGAR_NORM_14.PNG.DDS",
      "size": 1398256,
      "date": 132447719298726889
    },
    {
      "path": "scenery/global/scenery/TEXTURE/SINGLEHANGAR_NORM_14.PNG.DDS.json",
      "size": 160,
      "date": 132447719298656829
    },
    {
      "path": "scenery/global/scenery/TEXTURE/SINGLEHANGAR_NORM_17.PNG.DDS",
      "size": 1398256,
      "date": 132447719278157928
    },
    {
      "path": "scenery/global/scenery/TEXTURE/SINGLEHANGAR_NORM_17.PNG.DDS.json",
      "size": 160,
      "date": 132447719278092870
    },
    {
      "path": "scenery/global/scenery/TEXTURE/SINGLEHANGAR_NORM_2.PNG.DDS",
      "size": 1398256,
      "date": 132447719308034877
    },
    {
      "path": "scenery/global/scenery/TEXTURE/SINGLEHANGAR_NORM_2.PNG.DDS.json",
      "size": 160,
      "date": 132447719307974825
    },
    {
      "path": "scenery/global/scenery/TEXTURE/SINGLEHANGAR_NORM_5.PNG.DDS",
      "size": 1398256,
      "date": 132447719295193854
    },
    {
      "path": "scenery/global/scenery/TEXTURE/SINGLEHANGAR_NORM_5.PNG.DDS.json",
      "size": 160,
      "date": 132447719295128807
    },
    {
      "path": "scenery/global/scenery/TEXTURE/SINGLEHANGAR_NORM_8.PNG.DDS",
      "size": 1398256,
      "date": 132447719306328407
    },
    {
      "path": "scenery/global/scenery/TEXTURE/SINGLEHANGAR_NORM_8.PNG.DDS.json",
      "size": 160,
      "date": 132447719306248347
    },
    {
      "path": "scenery/global/scenery/TEXTURE/SPACEXHQ_ALBD.PNG.DDS",
      "size": 699192,
      "date": 132452944713132662
    },
    {
      "path": "scenery/global/scenery/TEXTURE/SPACEXHQ_ALBD.PNG.DDS.json",
      "size": 102,
      "date": 132452944713077612
    },
    {
      "path": "scenery/global/scenery/TEXTURE/SPACEXHQ_ALBD_12.PNG.DDS",
      "size": 699192,
      "date": 132452944676961305
    },
    {
      "path": "scenery/global/scenery/TEXTURE/SPACEXHQ_ALBD_12.PNG.DDS.json",
      "size": 102,
      "date": 132452944676881237
    },
    {
      "path": "scenery/global/scenery/TEXTURE/SPACEXHQ_ALBD_15.PNG.DDS",
      "size": 699192,
      "date": 132452944697370807
    },
    {
      "path": "scenery/global/scenery/TEXTURE/SPACEXHQ_ALBD_15.PNG.DDS.json",
      "size": 102,
      "date": 132452944697310758
    },
    {
      "path": "scenery/global/scenery/TEXTURE/SPACEXHQ_ALBD_18.PNG.DDS",
      "size": 699192,
      "date": 132452944670350631
    },
    {
      "path": "scenery/global/scenery/TEXTURE/SPACEXHQ_ALBD_18.PNG.DDS.json",
      "size": 102,
      "date": 132452944670290579
    },
    {
      "path": "scenery/global/scenery/TEXTURE/SPACEXHQ_ALBD_21.PNG.DDS",
      "size": 699192,
      "date": 132452944724854882
    },
    {
      "path": "scenery/global/scenery/TEXTURE/SPACEXHQ_ALBD_21.PNG.DDS.json",
      "size": 102,
      "date": 132452944724799835
    },
    {
      "path": "scenery/global/scenery/TEXTURE/SPACEXHQ_ALBD_24.PNG.DDS",
      "size": 699192,
      "date": 132452944649731087
    },
    {
      "path": "scenery/global/scenery/TEXTURE/SPACEXHQ_ALBD_24.PNG.DDS.json",
      "size": 102,
      "date": 132452944649636002
    },
    {
      "path": "scenery/global/scenery/TEXTURE/SPACEXHQ_ALBD_27.PNG.DDS",
      "size": 699192,
      "date": 132452944690557193
    },
    {
      "path": "scenery/global/scenery/TEXTURE/SPACEXHQ_ALBD_27.PNG.DDS.json",
      "size": 102,
      "date": 132452944690502148
    },
    {
      "path": "scenery/global/scenery/TEXTURE/SPACEXHQ_ALBD_3.PNG.DDS",
      "size": 699192,
      "date": 132452944696119736
    },
    {
      "path": "scenery/global/scenery/TEXTURE/SPACEXHQ_ALBD_3.PNG.DDS.json",
      "size": 102,
      "date": 132452944696054679
    },
    {
      "path": "scenery/global/scenery/TEXTURE/SPACEXHQ_ALBD_30.PNG.DDS",
      "size": 699192,
      "date": 132452944711401176
    },
    {
      "path": "scenery/global/scenery/TEXTURE/SPACEXHQ_ALBD_30.PNG.DDS.json",
      "size": 102,
      "date": 132452944711120932
    },
    {
      "path": "scenery/global/scenery/TEXTURE/SPACEXHQ_ALBD_33.PNG.DDS",
      "size": 699192,
      "date": 132452944636767112
    },
    {
      "path": "scenery/global/scenery/TEXTURE/SPACEXHQ_ALBD_33.PNG.DDS.json",
      "size": 102,
      "date": 132452944636406802
    },
    {
      "path": "scenery/global/scenery/TEXTURE/SPACEXHQ_ALBD_36.PNG.DDS",
      "size": 699192,
      "date": 132452944731425290
    },
    {
      "path": "scenery/global/scenery/TEXTURE/SPACEXHQ_ALBD_36.PNG.DDS.json",
      "size": 102,
      "date": 132452944731365238
    },
    {
      "path": "scenery/global/scenery/TEXTURE/SPACEXHQ_ALBD_39.PNG.DDS",
      "size": 699192,
      "date": 132452944633469287
    },
    {
      "path": "scenery/global/scenery/TEXTURE/SPACEXHQ_ALBD_39.PNG.DDS.json",
      "size": 102,
      "date": 132452944633394219
    },
    {
      "path": "scenery/global/scenery/TEXTURE/SPACEXHQ_ALBD_42.PNG.DDS",
      "size": 699192,
      "date": 132452944651577672
    },
    {
      "path": "scenery/global/scenery/TEXTURE/SPACEXHQ_ALBD_42.PNG.DDS.json",
      "size": 102,
      "date": 132452944651372495
    },
    {
      "path": "scenery/global/scenery/TEXTURE/SPACEXHQ_ALBD_45.PNG.DDS",
      "size": 699192,
      "date": 132452944684981549
    },
    {
      "path": "scenery/global/scenery/TEXTURE/SPACEXHQ_ALBD_45.PNG.DDS.json",
      "size": 102,
      "date": 132452944684906483
    },
    {
      "path": "scenery/global/scenery/TEXTURE/SPACEXHQ_ALBD_48.PNG.DDS",
      "size": 699192,
      "date": 132452944659874797
    },
    {
      "path": "scenery/global/scenery/TEXTURE/SPACEXHQ_ALBD_48.PNG.DDS.json",
      "size": 102,
      "date": 132452944659799735
    },
    {
      "path": "scenery/global/scenery/TEXTURE/SPACEXHQ_ALBD_51.PNG.DDS",
      "size": 699192,
      "date": 132452944637978154
    },
    {
      "path": "scenery/global/scenery/TEXTURE/SPACEXHQ_ALBD_51.PNG.DDS.json",
      "size": 102,
      "date": 132452944637908094
    },
    {
      "path": "scenery/global/scenery/TEXTURE/SPACEXHQ_ALBD_6.PNG.DDS",
      "size": 699192,
      "date": 132452944658528643
    },
    {
      "path": "scenery/global/scenery/TEXTURE/SPACEXHQ_ALBD_6.PNG.DDS.json",
      "size": 102,
      "date": 132452944658313458
    },
    {
      "path": "scenery/global/scenery/TEXTURE/SPACEXHQ_ALBD_9.PNG.DDS",
      "size": 699192,
      "date": 132452944709884875
    },
    {
      "path": "scenery/global/scenery/TEXTURE/SPACEXHQ_ALBD_9.PNG.DDS.json",
      "size": 102,
      "date": 132452944709809810
    },
    {
      "path": "scenery/global/scenery/TEXTURE/SPACEXHQ_COMP.PNG.DDS",
      "size": 1398276,
      "date": 132452944718089072
    },
    {
      "path": "scenery/global/scenery/TEXTURE/SPACEXHQ_COMP.PNG.DDS.json",
      "size": 191,
      "date": 132452944718039029
    },
    {
      "path": "scenery/global/scenery/TEXTURE/SPACEXHQ_COMP_1.PNG.DDS",
      "size": 1398276,
      "date": 132452944723128403
    },
    {
      "path": "scenery/global/scenery/TEXTURE/SPACEXHQ_COMP_1.PNG.DDS.json",
      "size": 191,
      "date": 132452944723073350
    },
    {
      "path": "scenery/global/scenery/TEXTURE/SPACEXHQ_COMP_10.PNG.DDS",
      "size": 1398276,
      "date": 132452944729373524
    },
    {
      "path": "scenery/global/scenery/TEXTURE/SPACEXHQ_COMP_10.PNG.DDS.json",
      "size": 191,
      "date": 132452944729283450
    },
    {
      "path": "scenery/global/scenery/TEXTURE/SPACEXHQ_COMP_13.PNG.DDS",
      "size": 1398276,
      "date": 132452944675189793
    },
    {
      "path": "scenery/global/scenery/TEXTURE/SPACEXHQ_COMP_13.PNG.DDS.json",
      "size": 191,
      "date": 132452944675104721
    },
    {
      "path": "scenery/global/scenery/TEXTURE/SPACEXHQ_COMP_16.PNG.DDS",
      "size": 1398276,
      "date": 132452944695188935
    },
    {
      "path": "scenery/global/scenery/TEXTURE/SPACEXHQ_COMP_16.PNG.DDS.json",
      "size": 191,
      "date": 132452944695118875
    },
    {
      "path": "scenery/global/scenery/TEXTURE/SPACEXHQ_COMP_19.PNG.DDS",
      "size": 1398276,
      "date": 132452944682514429
    },
    {
      "path": "scenery/global/scenery/TEXTURE/SPACEXHQ_COMP_19.PNG.DDS.json",
      "size": 191,
      "date": 132452944682449374
    },
    {
      "path": "scenery/global/scenery/TEXTURE/SPACEXHQ_COMP_22.PNG.DDS",
      "size": 1398276,
      "date": 132452944741325148
    },
    {
      "path": "scenery/global/scenery/TEXTURE/SPACEXHQ_COMP_22.PNG.DDS.json",
      "size": 191,
      "date": 132452944741235072
    },
    {
      "path": "scenery/global/scenery/TEXTURE/SPACEXHQ_COMP_25.PNG.DDS",
      "size": 1398276,
      "date": 132452944644017409
    },
    {
      "path": "scenery/global/scenery/TEXTURE/SPACEXHQ_COMP_25.PNG.DDS.json",
      "size": 191,
      "date": 132452944643952354
    },
    {
      "path": "scenery/global/scenery/TEXTURE/SPACEXHQ_COMP_28.PNG.DDS",
      "size": 1398276,
      "date": 132452944736204396
    },
    {
      "path": "scenery/global/scenery/TEXTURE/SPACEXHQ_COMP_28.PNG.DDS.json",
      "size": 191,
      "date": 132452944736119326
    },
    {
      "path": "scenery/global/scenery/TEXTURE/SPACEXHQ_COMP_31.PNG.DDS",
      "size": 1398276,
      "date": 132452944702568593
    },
    {
      "path": "scenery/global/scenery/TEXTURE/SPACEXHQ_COMP_31.PNG.DDS.json",
      "size": 191,
      "date": 132452944702513550
    },
    {
      "path": "scenery/global/scenery/TEXTURE/SPACEXHQ_COMP_34.PNG.DDS",
      "size": 1398276,
      "date": 132452944664865614
    },
    {
      "path": "scenery/global/scenery/TEXTURE/SPACEXHQ_COMP_34.PNG.DDS.json",
      "size": 191,
      "date": 132452944664620392
    },
    {
      "path": "scenery/global/scenery/TEXTURE/SPACEXHQ_COMP_37.PNG.DDS",
      "size": 1398276,
      "date": 132452944750883601
    },
    {
      "path": "scenery/global/scenery/TEXTURE/SPACEXHQ_COMP_37.PNG.DDS.json",
      "size": 191,
      "date": 132452944750798525
    },
    {
      "path": "scenery/global/scenery/TEXTURE/SPACEXHQ_COMP_4.PNG.DDS",
      "size": 1398276,
      "date": 132452944648750253
    },
    {
      "path": "scenery/global/scenery/TEXTURE/SPACEXHQ_COMP_4.PNG.DDS.json",
      "size": 191,
      "date": 132452944648695199
    },
    {
      "path": "scenery/global/scenery/TEXTURE/SPACEXHQ_COMP_40.PNG.DDS",
      "size": 1398276,
      "date": 132452944746351270
    },
    {
      "path": "scenery/global/scenery/TEXTURE/SPACEXHQ_COMP_40.PNG.DDS.json",
      "size": 191,
      "date": 132452944746296221
    },
    {
      "path": "scenery/global/scenery/TEXTURE/SPACEXHQ_COMP_43.PNG.DDS",
      "size": 1398276,
      "date": 132452944669439859
    },
    {
      "path": "scenery/global/scenery/TEXTURE/SPACEXHQ_COMP_43.PNG.DDS.json",
      "size": 191,
      "date": 132452944669349775
    },
    {
      "path": "scenery/global/scenery/TEXTURE/SPACEXHQ_COMP_46.PNG.DDS",
      "size": 1398276,
      "date": 132452944707933196
    },
    {
      "path": "scenery/global/scenery/TEXTURE/SPACEXHQ_COMP_46.PNG.DDS.json",
      "size": 191,
      "date": 132452944707838114
    },
    {
      "path": "scenery/global/scenery/TEXTURE/SPACEXHQ_COMP_49.PNG.DDS",
      "size": 1398276,
      "date": 132452944657052374
    },
    {
      "path": "scenery/global/scenery/TEXTURE/SPACEXHQ_COMP_49.PNG.DDS.json",
      "size": 191,
      "date": 132452944656992329
    },
    {
      "path": "scenery/global/scenery/TEXTURE/SPACEXHQ_COMP_7.PNG.DDS",
      "size": 1398276,
      "date": 132452944689626395
    },
    {
      "path": "scenery/global/scenery/TEXTURE/SPACEXHQ_COMP_7.PNG.DDS.json",
      "size": 191,
      "date": 132452944689531313
    },
    {
      "path": "scenery/global/scenery/TEXTURE/SPACEXHQ_NORM.PNG.DDS",
      "size": 1398256,
      "date": 132452944741720487
    },
    {
      "path": "scenery/global/scenery/TEXTURE/SPACEXHQ_NORM.PNG.DDS.json",
      "size": 160,
      "date": 132452944741665442
    },
    {
      "path": "scenery/global/scenery/TEXTURE/SPACEXHQ_NORM_11.PNG.DDS",
      "size": 1398256,
      "date": 132452944682979831
    },
    {
      "path": "scenery/global/scenery/TEXTURE/SPACEXHQ_NORM_11.PNG.DDS.json",
      "size": 160,
      "date": 132452944682909766
    },
    {
      "path": "scenery/global/scenery/TEXTURE/SPACEXHQ_NORM_14.PNG.DDS",
      "size": 1398256,
      "date": 132452944677416702
    },
    {
      "path": "scenery/global/scenery/TEXTURE/SPACEXHQ_NORM_14.PNG.DDS.json",
      "size": 160,
      "date": 132452944677356652
    },
    {
      "path": "scenery/global/scenery/TEXTURE/SPACEXHQ_NORM_17.PNG.DDS",
      "size": 1398256,
      "date": 132452944729748849
    },
    {
      "path": "scenery/global/scenery/TEXTURE/SPACEXHQ_NORM_17.PNG.DDS.json",
      "size": 160,
      "date": 132452944729688802
    },
    {
      "path": "scenery/global/scenery/TEXTURE/SPACEXHQ_NORM_2.PNG.DDS",
      "size": 1398256,
      "date": 132452944677872094
    },
    {
      "path": "scenery/global/scenery/TEXTURE/SPACEXHQ_NORM_2.PNG.DDS.json",
      "size": 160,
      "date": 132452944677807035
    },
    {
      "path": "scenery/global/scenery/TEXTURE/SPACEXHQ_NORM_20.PNG.DDS",
      "size": 1398256,
      "date": 132452944638518619
    },
    {
      "path": "scenery/global/scenery/TEXTURE/SPACEXHQ_NORM_20.PNG.DDS.json",
      "size": 160,
      "date": 132452944638443550
    },
    {
      "path": "scenery/global/scenery/TEXTURE/SPACEXHQ_NORM_23.PNG.DDS",
      "size": 1398256,
      "date": 132452944711886593
    },
    {
      "path": "scenery/global/scenery/TEXTURE/SPACEXHQ_NORM_23.PNG.DDS.json",
      "size": 160,
      "date": 132452944711821533
    },
    {
      "path": "scenery/global/scenery/TEXTURE/SPACEXHQ_NORM_26.PNG.DDS",
      "size": 1398256,
      "date": 132452944652423399
    },
    {
      "path": "scenery/global/scenery/TEXTURE/SPACEXHQ_NORM_26.PNG.DDS.json",
      "size": 160,
      "date": 132452944652358339
    },
    {
      "path": "scenery/global/scenery/TEXTURE/SPACEXHQ_NORM_29.PNG.DDS",
      "size": 1398256,
      "date": 132452944702978943
    },
    {
      "path": "scenery/global/scenery/TEXTURE/SPACEXHQ_NORM_29.PNG.DDS.json",
      "size": 160,
      "date": 132452944702883861
    },
    {
      "path": "scenery/global/scenery/TEXTURE/SPACEXHQ_NORM_32.PNG.DDS",
      "size": 1398256,
      "date": 132452944718469402
    },
    {
      "path": "scenery/global/scenery/TEXTURE/SPACEXHQ_NORM_32.PNG.DDS.json",
      "size": 160,
      "date": 132452944718409346
    },
    {
      "path": "scenery/global/scenery/TEXTURE/SPACEXHQ_NORM_35.PNG.DDS",
      "size": 1398256,
      "date": 132452944635260823
    },
    {
      "path": "scenery/global/scenery/TEXTURE/SPACEXHQ_NORM_35.PNG.DDS.json",
      "size": 160,
      "date": 132452944635185757
    },
    {
      "path": "scenery/global/scenery/TEXTURE/SPACEXHQ_NORM_38.PNG.DDS",
      "size": 1398256,
      "date": 132452944730204238
    },
    {
      "path": "scenery/global/scenery/TEXTURE/SPACEXHQ_NORM_38.PNG.DDS.json",
      "size": 160,
      "date": 132452944730134177
    },
    {
      "path": "scenery/global/scenery/TEXTURE/SPACEXHQ_NORM_41.PNG.DDS",
      "size": 1398256,
      "date": 132452944708608779
    },
    {
      "path": "scenery/global/scenery/TEXTURE/SPACEXHQ_NORM_41.PNG.DDS.json",
      "size": 160,
      "date": 132452944708518701
    },
    {
      "path": "scenery/global/scenery/TEXTURE/SPACEXHQ_NORM_44.PNG.DDS",
      "size": 1398256,
      "date": 132452944650186477
    },
    {
      "path": "scenery/global/scenery/TEXTURE/SPACEXHQ_NORM_44.PNG.DDS.json",
      "size": 160,
      "date": 132452944650121422
    },
    {
      "path": "scenery/global/scenery/TEXTURE/SPACEXHQ_NORM_47.PNG.DDS",
      "size": 1398256,
      "date": 132452944736659785
    },
    {
      "path": "scenery/global/scenery/TEXTURE/SPACEXHQ_NORM_47.PNG.DDS.json",
      "size": 160,
      "date": 132452944736599742
    },
    {
      "path": "scenery/global/scenery/TEXTURE/SPACEXHQ_NORM_5.PNG.DDS",
      "size": 1398256,
      "date": 132452944697941302
    },
    {
      "path": "scenery/global/scenery/TEXTURE/SPACEXHQ_NORM_5.PNG.DDS.json",
      "size": 160,
      "date": 132452944697876242
    },
    {
      "path": "scenery/global/scenery/TEXTURE/SPACEXHQ_NORM_50.PNG.DDS",
      "size": 1398256,
      "date": 132452944723558770
    },
    {
      "path": "scenery/global/scenery/TEXTURE/SPACEXHQ_NORM_50.PNG.DDS.json",
      "size": 160,
      "date": 132452944723458684
    },
    {
      "path": "scenery/global/scenery/TEXTURE/SPACEXHQ_NORM_8.PNG.DDS",
      "size": 1398256,
      "date": 132452944675595138
    },
    {
      "path": "scenery/global/scenery/TEXTURE/SPACEXHQ_NORM_8.PNG.DDS.json",
      "size": 160,
      "date": 132452944675535082
    },
    {
      "path": "scenery/global/scenery/TEXTURE/TRIPLEHANGAR_ALBD.PNG.DDS",
      "size": 699192,
      "date": 132447695921759087
    },
    {
      "path": "scenery/global/scenery/TEXTURE/TRIPLEHANGAR_ALBD.PNG.DDS.json",
      "size": 102,
      "date": 132447695921704041
    },
    {
      "path": "scenery/global/scenery/TEXTURE/TRIPLEHANGAR_ALBD_12.PNG.DDS",
      "size": 699192,
      "date": 132447695953746549
    },
    {
      "path": "scenery/global/scenery/TEXTURE/TRIPLEHANGAR_ALBD_12.PNG.DDS.json",
      "size": 102,
      "date": 132447695953691493
    },
    {
      "path": "scenery/global/scenery/TEXTURE/TRIPLEHANGAR_ALBD_15.PNG.DDS",
      "size": 699192,
      "date": 132447695937612694
    },
    {
      "path": "scenery/global/scenery/TEXTURE/TRIPLEHANGAR_ALBD_15.PNG.DDS.json",
      "size": 102,
      "date": 132447695937557649
    },
    {
      "path": "scenery/global/scenery/TEXTURE/TRIPLEHANGAR_ALBD_18.PNG.DDS",
      "size": 699192,
      "date": 132447695955908399
    },
    {
      "path": "scenery/global/scenery/TEXTURE/TRIPLEHANGAR_ALBD_18.PNG.DDS.json",
      "size": 102,
      "date": 132447695955848344
    },
    {
      "path": "scenery/global/scenery/TEXTURE/TRIPLEHANGAR_ALBD_3.PNG.DDS",
      "size": 699192,
      "date": 132447695966487479
    },
    {
      "path": "scenery/global/scenery/TEXTURE/TRIPLEHANGAR_ALBD_3.PNG.DDS.json",
      "size": 102,
      "date": 132447695966427426
    },
    {
      "path": "scenery/global/scenery/TEXTURE/TRIPLEHANGAR_ALBD_6.PNG.DDS",
      "size": 699192,
      "date": 132447695923970986
    },
    {
      "path": "scenery/global/scenery/TEXTURE/TRIPLEHANGAR_ALBD_6.PNG.DDS.json",
      "size": 102,
      "date": 132447695923920937
    },
    {
      "path": "scenery/global/scenery/TEXTURE/TRIPLEHANGAR_ALBD_9.PNG.DDS",
      "size": 699192,
      "date": 132447695968774447
    },
    {
      "path": "scenery/global/scenery/TEXTURE/TRIPLEHANGAR_ALBD_9.PNG.DDS.json",
      "size": 102,
      "date": 132447695968714389
    },
    {
      "path": "scenery/global/scenery/TEXTURE/TRIPLEHANGAR_COMP.PNG.DDS",
      "size": 1398276,
      "date": 132447695947841481
    },
    {
      "path": "scenery/global/scenery/TEXTURE/TRIPLEHANGAR_COMP.PNG.DDS.json",
      "size": 191,
      "date": 132447695947786431
    },
    {
      "path": "scenery/global/scenery/TEXTURE/TRIPLEHANGAR_COMP_1.PNG.DDS",
      "size": 1398276,
      "date": 132447695952500475
    },
    {
      "path": "scenery/global/scenery/TEXTURE/TRIPLEHANGAR_COMP_1.PNG.DDS.json",
      "size": 191,
      "date": 132447695952445424
    },
    {
      "path": "scenery/global/scenery/TEXTURE/TRIPLEHANGAR_COMP_10.PNG.DDS",
      "size": 1398276,
      "date": 132447695928810212
    },
    {
      "path": "scenery/global/scenery/TEXTURE/TRIPLEHANGAR_COMP_10.PNG.DDS.json",
      "size": 191,
      "date": 132447695928755172
    },
    {
      "path": "scenery/global/scenery/TEXTURE/TRIPLEHANGAR_COMP_13.PNG.DDS",
      "size": 1398276,
      "date": 132447695960657474
    },
    {
      "path": "scenery/global/scenery/TEXTURE/TRIPLEHANGAR_COMP_13.PNG.DDS.json",
      "size": 191,
      "date": 132447695960602428
    },
    {
      "path": "scenery/global/scenery/TEXTURE/TRIPLEHANGAR_COMP_16.PNG.DDS",
      "size": 1398276,
      "date": 132447695935686040
    },
    {
      "path": "scenery/global/scenery/TEXTURE/TRIPLEHANGAR_COMP_16.PNG.DDS.json",
      "size": 191,
      "date": 132447695935630999
    },
    {
      "path": "scenery/global/scenery/TEXTURE/TRIPLEHANGAR_COMP_4.PNG.DDS",
      "size": 1398276,
      "date": 132447695942757109
    },
    {
      "path": "scenery/global/scenery/TEXTURE/TRIPLEHANGAR_COMP_4.PNG.DDS.json",
      "size": 191,
      "date": 132447695942682047
    },
    {
      "path": "scenery/global/scenery/TEXTURE/TRIPLEHANGAR_COMP_7.PNG.DDS",
      "size": 1398276,
      "date": 132447695965396542
    },
    {
      "path": "scenery/global/scenery/TEXTURE/TRIPLEHANGAR_COMP_7.PNG.DDS.json",
      "size": 191,
      "date": 132447695965341495
    },
    {
      "path": "scenery/global/scenery/TEXTURE/TRIPLEHANGAR_NORM.PNG.DDS",
      "size": 1398256,
      "date": 132447695930576653
    },
    {
      "path": "scenery/global/scenery/TEXTURE/TRIPLEHANGAR_NORM.PNG.DDS.json",
      "size": 160,
      "date": 132447695930521608
    },
    {
      "path": "scenery/global/scenery/TEXTURE/TRIPLEHANGAR_NORM_11.PNG.DDS",
      "size": 1398256,
      "date": 132447695936201483
    },
    {
      "path": "scenery/global/scenery/TEXTURE/TRIPLEHANGAR_NORM_11.PNG.DDS.json",
      "size": 160,
      "date": 132447695936141431
    },
    {
      "path": "scenery/global/scenery/TEXTURE/TRIPLEHANGAR_NORM_14.PNG.DDS",
      "size": 1398256,
      "date": 132447695954567244
    },
    {
      "path": "scenery/global/scenery/TEXTURE/TRIPLEHANGAR_NORM_14.PNG.DDS.json",
      "size": 160,
      "date": 132447695954507195
    },
    {
      "path": "scenery/global/scenery/TEXTURE/TRIPLEHANGAR_NORM_17.PNG.DDS",
      "size": 1398256,
      "date": 132447695922594802
    },
    {
      "path": "scenery/global/scenery/TEXTURE/TRIPLEHANGAR_NORM_17.PNG.DDS.json",
      "size": 160,
      "date": 132447695922529744
    },
    {
      "path": "scenery/global/scenery/TEXTURE/TRIPLEHANGAR_NORM_2.PNG.DDS",
      "size": 1398256,
      "date": 132447695929916085
    },
    {
      "path": "scenery/global/scenery/TEXTURE/TRIPLEHANGAR_NORM_2.PNG.DDS.json",
      "size": 160,
      "date": 132447695929856031
    },
    {
      "path": "scenery/global/scenery/TEXTURE/TRIPLEHANGAR_NORM_5.PNG.DDS",
      "size": 1398256,
      "date": 132447695967413270
    },
    {
      "path": "scenery/global/scenery/TEXTURE/TRIPLEHANGAR_NORM_5.PNG.DDS.json",
      "size": 160,
      "date": 132447695967348219
    },
    {
      "path": "scenery/global/scenery/TEXTURE/TRIPLEHANGAR_NORM_8.PNG.DDS",
      "size": 1398256,
      "date": 132447695929350600
    },
    {
      "path": "scenery/global/scenery/TEXTURE/TRIPLEHANGAR_NORM_8.PNG.DDS.json",
      "size": 160,
      "date": 132447695929290549
    }
  ]
}